4,3,2,1,5,,,,6,,',",",),"DATEADD(D,-",",GETDATE())"
FECHA,Direcci혞n de correo electr혞nico,-  RAZ햒N SOCIAL,#쯅OMBRE?,- C햒DIGO DE ACTIVIDAD PRINCIPAL CIIU,#쯅OMBRE?,- CORREO ELECTR햒NICO,#쯅OMBRE?,#쯅OMBRE?,"INSERT INTO EMPRESAS (RUC , RazonSocial, CorreoElectronico, FechaRegistro, CIIU, NumeroEstablecimientos)  VALUES  (",,,,,
06/10/2025 11:15,ramosklembert.07@gmail.com,EMPRESA METAL MECANICA S.A,20100276322,242,PEDRO JOSE SEBASTIAN BUSTAMANTE TESTINO,oefa@ememsa.com,986556711,1,"INSERT INTO EMPRESAS (RUC , RazonSocial, CorreoElectronico, FechaRegistro, CIIU, NumeroEstablecimientos)  VALUES  ('20100276322','EMPRESA METAL MECANICA S.A','ramosklembert.07@gmail.com',DATEADD(D,-1,GETDATE()),'242',1)",,,,,
6/14/2025,aalvarado1512@gmail.com,Otass,20565423372,Alcantarillas ,Otass,aalvarado1512@gmail.com,982628545,7,"INSERT INTO EMPRESAS (RUC , RazonSocial, CorreoElectronico, FechaRegistro, CIIU, NumeroEstablecimientos)  VALUES  ('20565423372','Otass','aalvarado1512@gmail.com',DATEADD(D,-7,GETDATE()),'Alcantarillas ',7)",,,,,
6/18/2025 9:53,cruzllacsahuanga@gmail.com,Pesquera Hayduk SA,20136165667,1020,Miguel Jes혥s Le혞n Chang ,jcruz@hayduk.com.pe,981283600,3,"INSERT INTO EMPRESAS (RUC , RazonSocial, CorreoElectronico, FechaRegistro, CIIU, NumeroEstablecimientos)  VALUES  ('20136165667','Pesquera Hayduk SA','cruzllacsahuanga@gmail.com',DATEADD(D,-3,GETDATE()),'1020',3)",,,,,
6/23/2025 9:35:52,raysareyesv@gmail.com,Energia Renovable del Sur ,20392847406,3510,Jaime Andr햧s Toledo Ruiz ,gdasudamerica@acciona.com,964936129,1,"INSERT INTO EMPRESAS (RUC , RazonSocial, CorreoElectronico, FechaRegistro, CIIU, NumeroEstablecimientos)  VALUES  ('20392847406','Energia Renovable del Sur ','raysareyesv@gmail.com',DATEADD(D,-1,GETDATE()),'3510',1)",,,,,
07/01/2025 14:22,jgarcia.industrial@gmail.com,INDUSTRIAS GARCIA HERMANOS S.R.L,20456789123,2511,JORGE LUIS GARCIA MENDOZA,administracion@igarciah.com.pe,987654321,2,"INSERT INTO EMPRESAS (RUC , RazonSocial, CorreoElectronico, FechaRegistro, CIIU, NumeroEstablecimientos)  VALUES  ('20456789123','INDUSTRIAS GARCIA HERMANOS S.R.L','jgarcia.industrial@gmail.com',DATEADD(D,-2,GETDATE()),'2511',2)",,,,,
07/02/2025 10:15,mperez.textil@hotmail.com,TEXTIL PERU NORTE S.A.C,20567891234,1311,MARIA ELENA PEREZ RODRIGUEZ,gerencia@textilpn.pe,965432187,3,"INSERT INTO EMPRESAS (RUC , RazonSocial, CorreoElectronico, FechaRegistro, CIIU, NumeroEstablecimientos)  VALUES  ('20567891234','TEXTIL PERU NORTE S.A.C','mperez.textil@hotmail.com',DATEADD(D,-3,GETDATE()),'1311',3)",,,,,
07/03/2025 16:45,rlopez.quimica@yahoo.com,QUIMICA INDUSTRIAL LIMA S.A,20678912345,2011,RICARDO LOPEZ SANCHEZ,contacto@quilima.com,954321876,1,"INSERT INTO EMPRESAS (RUC , RazonSocial, CorreoElectronico, FechaRegistro, CIIU, NumeroEstablecimientos)  VALUES  ('20678912345','QUIMICA INDUSTRIAL LIMA S.A','rlopez.quimica@yahoo.com',DATEADD(D,-1,GETDATE()),'2011',1)",,,,,
07/04/2025 09:30,crodriguez.minera@gmail.com,MINERA SAN MARTIN S.A.C,20789123456,721,CARLOS RODRIGUEZ VARGAS,info@minerasm.pe,943218765,5,"INSERT INTO EMPRESAS (RUC , RazonSocial, CorreoElectronico, FechaRegistro, CIIU, NumeroEstablecimientos)  VALUES  ('20789123456','MINERA SAN MARTIN S.A.C','crodriguez.minera@gmail.com',DATEADD(D,-5,GETDATE()),'721',5)",,,,,
07/05/2025 13:20,lsanchez.alimentaria@outlook.com,ALIMENTOS DEL PACIFICO S.A,20891234567,1104,LUIS SANCHEZ TORRES,ventas@alpacifico.com.pe,932187654,4,"INSERT INTO EMPRESAS (RUC , RazonSocial, CorreoElectronico, FechaRegistro, CIIU, NumeroEstablecimientos)  VALUES  ('20891234567','ALIMENTOS DEL PACIFICO S.A','lsanchez.alimentaria@outlook.com',DATEADD(D,-4,GETDATE()),'1104',4)",,,,,
07/06/2025 11:55,aprojas.construccion@gmail.com,CONSTRUCTORA ROJAS E HIJOS S.R.L,20912345678,4100,ALBERTO ROJAS FERNANDEZ,obras@constrojas.pe,921876543,2,"INSERT INTO EMPRESAS (RUC , RazonSocial, CorreoElectronico, FechaRegistro, CIIU, NumeroEstablecimientos)  VALUES  ('20912345678','CONSTRUCTORA ROJAS E HIJOS S.R.L','aprojas.construccion@gmail.com',DATEADD(D,-2,GETDATE()),'4100',2)",,,,,
07/07/2025 15:10,bcastillo.farmaceutica@hotmail.com,FARMACEUTICA CASTILLO S.A.C,20123456789,2100,BEATRIZ CASTILLO MORALES,laboratorio@farmcast.com,918765432,1,"INSERT INTO EMPRESAS (RUC , RazonSocial, CorreoElectronico, FechaRegistro, CIIU, NumeroEstablecimientos)  VALUES  ('20123456789','FARMACEUTICA CASTILLO S.A.C','bcastillo.farmaceutica@hotmail.com',DATEADD(D,-1,GETDATE()),'2100',1)",,,,,
07/08/2025 08:25,dmendoza.energia@yahoo.com,ENERGIA SOLAR MENDOZA S.A,20234567891,3511,DANIEL MENDOZA QUISPE,proyectos@energiasm.pe,917654321,3,"INSERT INTO EMPRESAS (RUC , RazonSocial, CorreoElectronico, FechaRegistro, CIIU, NumeroEstablecimientos)  VALUES  ('20234567891','ENERGIA SOLAR MENDOZA S.A','dmendoza.energia@yahoo.com',DATEADD(D,-3,GETDATE()),'3511',3)",,,,,
07/09/2025 12:40,egutierrez.petroleo@gmail.com,PETROLERA GUTIERREZ S.A.C,20345678912,610,EDUARDO GUTIERREZ RAMOS,exploracion@petrogut.com.pe,916543218,6,"INSERT INTO EMPRESAS (RUC , RazonSocial, CorreoElectronico, FechaRegistro, CIIU, NumeroEstablecimientos)  VALUES  ('20345678912','PETROLERA GUTIERREZ S.A.C','egutierrez.petroleo@gmail.com',DATEADD(D,-6,GETDATE()),'610',6)",,,,,
07/10/2025 17:18,fherrera.papel@outlook.com,PAPELERA HERRERA S.A,20456789123,1701,FERNANDO HERRERA SILVA,produccion@papelh.pe,915432187,2,"INSERT INTO EMPRESAS (RUC , RazonSocial, CorreoElectronico, FechaRegistro, CIIU, NumeroEstablecimientos)  VALUES  ('20456789123','PAPELERA HERRERA S.A','fherrera.papel@outlook.com',DATEADD(D,-2,GETDATE()),'1701',2)",,,,,
07/11/2025 14:35,gmorales.cemento@gmail.com,CEMENTOS MORALES S.R.L,20567891234,2394,GUSTAVO MORALES LEON,calidad@cemmorales.com,914321876,1,"INSERT INTO EMPRESAS (RUC , RazonSocial, CorreoElectronico, FechaRegistro, CIIU, NumeroEstablecimientos)  VALUES  ('20567891234','CEMENTOS MORALES S.R.L','gmorales.cemento@gmail.com',DATEADD(D,-1,GETDATE()),'2394',1)",,,,,
07/12/2025 10:50,hvargas.plasticos@hotmail.com,PLASTICOS VARGAS S.A.C,20678912345,2220,HECTOR VARGAS AGUIRRE,ventas@plasvar.pe,913218765,3,"INSERT INTO EMPRESAS (RUC , RazonSocial, CorreoElectronico, FechaRegistro, CIIU, NumeroEstablecimientos)  VALUES  ('20678912345','PLASTICOS VARGAS S.A.C','hvargas.plasticos@hotmail.com',DATEADD(D,-3,GETDATE()),'2220',3)",,,,,
7/13/2025 16:12:33,itorres.siderurgica@yahoo.com,SIDERURGICA TORRES S.A,20789123456,2410,IVAN TORRES CHAVEZ,fundicion@sidtorres.com.pe,912187654,4,"INSERT INTO EMPRESAS (RUC , RazonSocial, CorreoElectronico, FechaRegistro, CIIU, NumeroEstablecimientos)  VALUES  ('20789123456','SIDERURGICA TORRES S.A','itorres.siderurgica@yahoo.com',DATEADD(D,-4,GETDATE()),'2410',4)",,,,,
7/14/2025 9:28:11,jflores.textil@gmail.com,TEXTILES FLORES S.R.L,20891234567,1312,JANET FLORES HUAMAN,dise침o@textflores.pe,911876543,2,"INSERT INTO EMPRESAS (RUC , RazonSocial, CorreoElectronico, FechaRegistro, CIIU, NumeroEstablecimientos)  VALUES  ('20891234567','TEXTILES FLORES S.R.L','jflores.textil@gmail.com',DATEADD(D,-2,GETDATE()),'1312',2)",,,,,
7/15/2025 13:45:26,kruiz.agroind@outlook.com,AGROINDUSTRIAL RUIZ S.A.C,20912345678,1061,KAREN RUIZ PAREDES,acopio@agroruiz.com,919765432,5,"INSERT INTO EMPRESAS (RUC , RazonSocial, CorreoElectronico, FechaRegistro, CIIU, NumeroEstablecimientos)  VALUES  ('20912345678','AGROINDUSTRIAL RUIZ S.A.C','kruiz.agroind@outlook.com',DATEADD(D,-5,GETDATE()),'1061',5)",,,,,
7/16/2025 11:22:39,ldiaz.ceramica@hotmail.com,CERAMICA DIAZ S.A,20123456789,2393,LEONARDO DIAZ CASTRO,hornos@ceramdiaz.pe,918654321,1,"INSERT INTO EMPRESAS (RUC , RazonSocial, CorreoElectronico, FechaRegistro, CIIU, NumeroEstablecimientos)  VALUES  ('20123456789','CERAMICA DIAZ S.A','ldiaz.ceramica@hotmail.com',DATEADD(D,-1,GETDATE()),'2393',1)",,,,,
7/17/2025 15:38:52,mcastro.bebidas@gmail.com,BEBIDAS CASTRO S.R.L,20234567891,1104,MONICA CASTRO VEGA,embotellado@bebcast.com.pe,917543218,3,"INSERT INTO EMPRESAS (RUC , RazonSocial, CorreoElectronico, FechaRegistro, CIIU, NumeroEstablecimientos)  VALUES  ('20234567891','BEBIDAS CASTRO S.R.L','mcastro.bebidas@gmail.com',DATEADD(D,-3,GETDATE()),'1104',3)",,,,,
7/18/2025 8:15:17,njimenez.cuero@yahoo.com,CURTIEMBRE JIMENEZ S.A.C,20345678912,1511,NESTOR JIMENEZ ROJAS,curtido@curtjim.pe,916432187,2,"INSERT INTO EMPRESAS (RUC , RazonSocial, CorreoElectronico, FechaRegistro, CIIU, NumeroEstablecimientos)  VALUES  ('20345678912','CURTIEMBRE JIMENEZ S.A.C','njimenez.cuero@yahoo.com',DATEADD(D,-2,GETDATE()),'1511',2)",,,,,
7/19/2025 12:52:44,oramos.madera@outlook.com,MADERERA RAMOS S.A,20456789123,1610,OLGA RAMOS SILVA,aserradero@maderamos.com,915321876,4,"INSERT INTO EMPRESAS (RUC , RazonSocial, CorreoElectronico, FechaRegistro, CIIU, NumeroEstablecimientos)  VALUES  ('20456789123','MADERERA RAMOS S.A','oramos.madera@outlook.com',DATEADD(D,-4,GETDATE()),'1610',4)",,,,,
7/20/2025 17:19:31,pvaldes.vidrio@gmail.com,VIDRIOS VALDES S.R.L,20567891234,2310,PABLO VALDES MORENO,templado@vidriosval.pe,914218765,1,"INSERT INTO EMPRESAS (RUC , RazonSocial, CorreoElectronico, FechaRegistro, CIIU, NumeroEstablecimientos)  VALUES  ('20567891234','VIDRIOS VALDES S.R.L','pvaldes.vidrio@gmail.com',DATEADD(D,-1,GETDATE()),'2310',1)",,,,,
7/21/2025 14:07:16,qortega.detergente@hotmail.com,DETERGENTES ORTEGA S.A.C,20678912345,2023,QUINTIN ORTEGA LUNA,formulacion@detorte.com.pe,913187654,2,"INSERT INTO EMPRESAS (RUC , RazonSocial, CorreoElectronico, FechaRegistro, CIIU, NumeroEstablecimientos)  VALUES  ('20678912345','DETERGENTES ORTEGA S.A.C','qortega.detergente@hotmail.com',DATEADD(D,-2,GETDATE()),'2023',2)",,,,,
7/22/2025 10:33:58,rmiranda.caucho@yahoo.com,CAUCHO MIRANDA S.A,20789123456,2211,RAQUEL MIRANDA DIAZ,vulcanizado@cauchmir.pe,912876543,3,"INSERT INTO EMPRESAS (RUC , RazonSocial, CorreoElectronico, FechaRegistro, CIIU, NumeroEstablecimientos)  VALUES  ('20789123456','CAUCHO MIRANDA S.A','rmiranda.caucho@yahoo.com',DATEADD(D,-3,GETDATE()),'2211',3)",,,,,
7/23/2025 16:21:42,snavarro.fertilizante@gmail.com,FERTILIZANTES NAVARRO S.R.L,20891234567,2012,SERGIO NAVARRO PE칌A,mezclas@fertnav.com,911765432,1,"INSERT INTO EMPRESAS (RUC , RazonSocial, CorreoElectronico, FechaRegistro, CIIU, NumeroEstablecimientos)  VALUES  ('20891234567','FERTILIZANTES NAVARRO S.R.L','snavarro.fertilizante@gmail.com',DATEADD(D,-1,GETDATE()),'2012',1)",,,,,
7/24/2025 9:48:29,tguzman.pintura@outlook.com,PINTURAS GUZMAN S.A.C,20912345678,2030,TERESA GUZMAN RIOS,pigmentos@pintguz.pe,919654321,2,"INSERT INTO EMPRESAS (RUC , RazonSocial, CorreoElectronico, FechaRegistro, CIIU, NumeroEstablecimientos)  VALUES  ('20912345678','PINTURAS GUZMAN S.A.C','tguzman.pintura@outlook.com',DATEADD(D,-2,GETDATE()),'2030',2)",,,,,
7/25/2025 13:14:55,uheredia.acero@hotmail.com,ACEROS HEREDIA S.A,20123456789,2420,ULISES HEREDIA CANO,laminado@aceher.com.pe,918543218,4,"INSERT INTO EMPRESAS (RUC , RazonSocial, CorreoElectronico, FechaRegistro, CIIU, NumeroEstablecimientos)  VALUES  ('20123456789','ACEROS HEREDIA S.A','uheredia.acero@hotmail.com',DATEADD(D,-4,GETDATE()),'2420',4)",,,,,
7/26/2025 11:41:18,vmendez.electronica@gmail.com,ELECTRONICA MENDEZ S.R.L,20234567891,2610,VERONICA MENDEZ SALAS,circuitos@electromen.pe,917432187,1,"INSERT INTO EMPRESAS (RUC , RazonSocial, CorreoElectronico, FechaRegistro, CIIU, NumeroEstablecimientos)  VALUES  ('20234567891','ELECTRONICA MENDEZ S.R.L','vmendez.electronica@gmail.com',DATEADD(D,-1,GETDATE()),'2610',1)",,,,,
7/27/2025 15:26:33,wparedes.confeccion@yahoo.com,CONFECCIONES PAREDES S.A.C,20345678912,1410,WALTER PAREDES CRUZ,confeccion@confpar.com,916321876,3,"INSERT INTO EMPRESAS (RUC , RazonSocial, CorreoElectronico, FechaRegistro, CIIU, NumeroEstablecimientos)  VALUES  ('20345678912','CONFECCIONES PAREDES S.A.C','wparedes.confeccion@yahoo.com',DATEADD(D,-3,GETDATE()),'1410',3)",,,,,
7/28/2025 8:53:47,xsalazar.joyeria@outlook.com,JOYERIA SALAZAR S.A,20456789123,3211,XIMENA SALAZAR REYES,orfebreria@joysal.pe,915218765,1,"INSERT INTO EMPRESAS (RUC , RazonSocial, CorreoElectronico, FechaRegistro, CIIU, NumeroEstablecimientos)  VALUES  ('20456789123','JOYERIA SALAZAR S.A','xsalazar.joyeria@outlook.com',DATEADD(D,-1,GETDATE()),'3211',1)",,,,,
7/29/2025 12:18:21,yvega.calzado@gmail.com,CALZADOS VEGA S.R.L,20567891234,1520,YOLANDA VEGA CAMPOS,hormas@calzveg.com.pe,914187654,2,"INSERT INTO EMPRESAS (RUC , RazonSocial, CorreoElectronico, FechaRegistro, CIIU, NumeroEstablecimientos)  VALUES  ('20567891234','CALZADOS VEGA S.R.L','yvega.calzado@gmail.com',DATEADD(D,-2,GETDATE()),'1520',2)",,,,,
7/30/2025 17:45:36,zrios.lacteos@hotmail.com,LACTEOS RIOS S.A.C,20678912345,1050,ZACARIAS RIOS MENDOZA,pasteurizacion@lactrios.pe,913876543,5,"INSERT INTO EMPRESAS (RUC , RazonSocial, CorreoElectronico, FechaRegistro, CIIU, NumeroEstablecimientos)  VALUES  ('20678912345','LACTEOS RIOS S.A.C','zrios.lacteos@hotmail.com',DATEADD(D,-5,GETDATE()),'1050',5)",,,,,
08/01/2025 14:12,acoronel.farmacia@yahoo.com,FARMACIA CORONEL S.A,20789123456,4773,ALFONSO CORONEL VIDAL,dispensario@farmcor.com,912765432,1,"INSERT INTO EMPRESAS (RUC , RazonSocial, CorreoElectronico, FechaRegistro, CIIU, NumeroEstablecimientos)  VALUES  ('20789123456','FARMACIA CORONEL S.A','acoronel.farmacia@yahoo.com',DATEADD(D,-1,GETDATE()),'4773',1)",,,,,
08/02/2025 10:38,bcabrera.logistica@gmail.com,LOGISTICA CABRERA S.R.L,20891234567,5221,BLANCA CABRERA ROBLES,almacenes@logcab.pe,911654321,6,"INSERT INTO EMPRESAS (RUC , RazonSocial, CorreoElectronico, FechaRegistro, CIIU, NumeroEstablecimientos)  VALUES  ('20891234567','LOGISTICA CABRERA S.R.L','bcabrera.logistica@gmail.com',DATEADD(D,-6,GETDATE()),'5221',6)",,,,,
08/03/2025 16:25,ccordova.transporte@outlook.com,TRANSPORTES CORDOVA S.A.C,20912345678,4923,CESAR CORDOVA TORRES,flota@transcor.com.pe,919543218,8,"INSERT INTO EMPRESAS (RUC , RazonSocial, CorreoElectronico, FechaRegistro, CIIU, NumeroEstablecimientos)  VALUES  ('20912345678','TRANSPORTES CORDOVA S.A.C','ccordova.transporte@outlook.com',DATEADD(D,-8,GETDATE()),'4923',8)",,,,,
08/04/2025 09:51,daguirre.hotel@hotmail.com,HOTELES AGUIRRE S.A,20123456789,5510,DIANA AGUIRRE SOTO,reservas@hotelagu.pe,918432187,2,"INSERT INTO EMPRESAS (RUC , RazonSocial, CorreoElectronico, FechaRegistro, CIIU, NumeroEstablecimientos)  VALUES  ('20123456789','HOTELES AGUIRRE S.A','daguirre.hotel@hotmail.com',DATEADD(D,-2,GETDATE()),'5510',2)",,,,,
08/05/2025 13:17,emolina.restaurant@gmail.com,RESTAURANTE MOLINA S.R.L,20234567891,5610,EMILIO MOLINA VARGAS,cocina@restmol.com,917321876,3,"INSERT INTO EMPRESAS (RUC , RazonSocial, CorreoElectronico, FechaRegistro, CIIU, NumeroEstablecimientos)  VALUES  ('20234567891','RESTAURANTE MOLINA S.R.L','emolina.restaurant@gmail.com',DATEADD(D,-3,GETDATE()),'5610',3)",,,,,
08/06/2025 11:44,fcasta침eda.seguridad@yahoo.com,SEGURIDAD CASTA칌EDA S.A.C,20345678912,8010,FABIOLA CASTA칌EDA PAZ,vigilancia@segcast.pe,916218765,4,"INSERT INTO EMPRESAS (RUC , RazonSocial, CorreoElectronico, FechaRegistro, CIIU, NumeroEstablecimientos)  VALUES  ('20345678912','SEGURIDAD CASTA칌EDA S.A.C','fcasta침eda.seguridad@yahoo.com',DATEADD(D,-4,GETDATE()),'8010',4)",,,,,
08/07/2025 15:59,gpalomino.limpieza@outlook.com,LIMPIEZA PALOMINO S.A,20456789123,8129,GERARDO PALOMINO RUIZ,servicios@limppal.com.pe,915187654,7,"INSERT INTO EMPRESAS (RUC , RazonSocial, CorreoElectronico, FechaRegistro, CIIU, NumeroEstablecimientos)  VALUES  ('20456789123','LIMPIEZA PALOMINO S.A','gpalomino.limpieza@outlook.com',DATEADD(D,-7,GETDATE()),'8129',7)",,,,,
08/08/2025 08:26,hmoreno.consultoria@gmail.com,CONSULTORA MORENO S.R.L,20567891234,7020,HELENA MORENO CASTRO,consultores@consmor.pe,914876543,1,"INSERT INTO EMPRESAS (RUC , RazonSocial, CorreoElectronico, FechaRegistro, CIIU, NumeroEstablecimientos)  VALUES  ('20567891234','CONSULTORA MORENO S.R.L','hmoreno.consultoria@gmail.com',DATEADD(D,-1,GETDATE()),'7020',1)",,,,,
08/09/2025 12:43,ivasquez.laboratorio@hotmail.com,LABORATORIOS VASQUEZ S.A.C,20678912345,7120,IGNACIO VASQUEZ LEON,analisis@labvas.com,913765432,2,"INSERT INTO EMPRESAS (RUC , RazonSocial, CorreoElectronico, FechaRegistro, CIIU, NumeroEstablecimientos)  VALUES  ('20678912345','LABORATORIOS VASQUEZ S.A.C','ivasquez.laboratorio@hotmail.com',DATEADD(D,-2,GETDATE()),'7120',2)",,,,,
08/10/2025 17:08,jestrada.ingenieria@yahoo.com,INGENIERIA ESTRADA S.A,20789123456,7110,JULIA ESTRADA MORALES,proyectos@ingest.pe,912654321,3,"INSERT INTO EMPRESAS (RUC , RazonSocial, CorreoElectronico, FechaRegistro, CIIU, NumeroEstablecimientos)  VALUES  ('20789123456','INGENIERIA ESTRADA S.A','jestrada.ingenieria@yahoo.com',DATEADD(D,-3,GETDATE()),'7110',3)",,,,,
08/11/2025 14:35,krueda.tecnologia@gmail.com,TECNOLOGIA RUEDA S.R.L,20891234567,6201,KEVIN RUEDA SANCHEZ,sistemas@tecnrueda.com.pe,911543218,1,"INSERT INTO EMPRESAS (RUC , RazonSocial, CorreoElectronico, FechaRegistro, CIIU, NumeroEstablecimientos)  VALUES  ('20891234567','TECNOLOGIA RUEDA S.R.L','krueda.tecnologia@gmail.com',DATEADD(D,-1,GETDATE()),'6201',1)",,,,,
08/12/2025 10:12,lbustamante.publicidad@outlook.com,PUBLICIDAD BUSTAMANTE S.A.C,20912345678,7310,LORENA BUSTAMANTE DIAZ,creativos@publbus.pe,919432187,2,"INSERT INTO EMPRESAS (RUC , RazonSocial, CorreoElectronico, FechaRegistro, CIIU, NumeroEstablecimientos)  VALUES  ('20912345678','PUBLICIDAD BUSTAMANTE S.A.C','lbustamante.publicidad@outlook.com',DATEADD(D,-2,GETDATE()),'7310',2)",,,,,
8/13/2025 16:48:15,mvaldez.educacion@hotmail.com,EDUCACION VALDEZ S.A,20123456789,8542,MIGUEL VALDEZ TORRES,capacitacion@educval.com,918321876,1,"INSERT INTO EMPRESAS (RUC , RazonSocial, CorreoElectronico, FechaRegistro, CIIU, NumeroEstablecimientos)  VALUES  ('20123456789','EDUCACION VALDEZ S.A','mvaldez.educacion@hotmail.com',DATEADD(D,-1,GETDATE()),'8542',1)",,,,,
8/14/2025 9:25:38,nquispe.agricultura@gmail.com,AGRICOLA QUISPE S.R.L,20234567891,111,NANCY QUISPE RAMOS,cultivos@agroquis.pe,917218765,12,"INSERT INTO EMPRESAS (RUC , RazonSocial, CorreoElectronico, FechaRegistro, CIIU, NumeroEstablecimientos)  VALUES  ('20234567891','AGRICOLA QUISPE S.R.L','nquispe.agricultura@gmail.com',DATEADD(D,-12,GETDATE()),'111',12)",,,,,
8/15/2025 13:51:23,ohuanca.ganaderia@yahoo.com,GANADERA HUANCA S.A.C,20345678912,141,OSCAR HUANCA VILLA,ganado@ganhua.com.pe,916187654,8,"INSERT INTO EMPRESAS (RUC , RazonSocial, CorreoElectronico, FechaRegistro, CIIU, NumeroEstablecimientos)  VALUES  ('20345678912','GANADERA HUANCA S.A.C','ohuanca.ganaderia@yahoo.com',DATEADD(D,-8,GETDATE()),'141',8)",,,,,
8/16/2025 11:18:46,pcarrasco.avicultura@outlook.com,AVICOLA CARRASCO S.A,20456789123,146,PATRICIA CARRASCO MEJIA,incubadora@avicar.pe,915876543,5,"INSERT INTO EMPRESAS (RUC , RazonSocial, CorreoElectronico, FechaRegistro, CIIU, NumeroEstablecimientos)  VALUES  ('20456789123','AVICOLA CARRASCO S.A','pcarrasco.avicultura@outlook.com',DATEADD(D,-5,GETDATE()),'146',5)",,,,,
8/17/2025 15:34:11,qdelgado.pesca@gmail.com,PESQUERA DELGADO S.R.L,20567891234,311,QUINCY DELGADO SANTOS,embarcaciones@pescdel.com,914765432,3,"INSERT INTO EMPRESAS (RUC , RazonSocial, CorreoElectronico, FechaRegistro, CIIU, NumeroEstablecimientos)  VALUES  ('20567891234','PESQUERA DELGADO S.R.L','qdelgado.pesca@gmail.com',DATEADD(D,-3,GETDATE()),'311',3)",,,,,
8/18/2025 8:59:27,rrubio.acuicultura@hotmail.com,ACUICULTURA RUBIO S.A.C,20678912345,321,RODRIGO RUBIO MIRANDA,piscicultura@acurub.pe,913654321,4,"INSERT INTO EMPRESAS (RUC , RazonSocial, CorreoElectronico, FechaRegistro, CIIU, NumeroEstablecimientos)  VALUES  ('20678912345','ACUICULTURA RUBIO S.A.C','rrubio.acuicultura@hotmail.com',DATEADD(D,-4,GETDATE()),'321',4)",,,,,
8/19/2025 12:26:54,ssalda침a.forestal@yahoo.com,FORESTAL SALDA칌A S.A,20789123456,220,SILVIA SALDA칌A CRUZ,plantaciones@forsal.com.pe,912543218,15,"INSERT INTO EMPRESAS (RUC , RazonSocial, CorreoElectronico, FechaRegistro, CIIU, NumeroEstablecimientos)  VALUES  ('20789123456','FORESTAL SALDA칌A S.A','ssalda침a.forestal@yahoo.com',DATEADD(D,-15,GETDATE()),'220',15)",,,,,
8/20/2025 17:43:19,ttorres.miel@gmail.com,APICOLA TORRES S.R.L,20891234567,149,TEODORO TORRES AGUILA,colmenas@apitor.pe,911432187,6,"INSERT INTO EMPRESAS (RUC , RazonSocial, CorreoElectronico, FechaRegistro, CIIU, NumeroEstablecimientos)  VALUES  ('20891234567','APICOLA TORRES S.R.L','ttorres.miel@gmail.com',DATEADD(D,-6,GETDATE()),'149',6)",,,,,
8/21/2025 14:09:32,uzamora.flores@outlook.com,FLORICULTURA ZAMORA S.A.C,20912345678,130,URSULA ZAMORA PE칌A,invernaderos@florzam.com,919321876,2,"INSERT INTO EMPRESAS (RUC , RazonSocial, CorreoElectronico, FechaRegistro, CIIU, NumeroEstablecimientos)  VALUES  ('20912345678','FLORICULTURA ZAMORA S.A.C','uzamora.flores@outlook.com',DATEADD(D,-2,GETDATE()),'130',2)",,,,,
8/22/2025 10:37:48,vpacheco.vivero@hotmail.com,VIVEROS PACHECO S.A,20123456789,130,VICTOR PACHECO ROJAS,plantones@vivpac.pe,918218765,3,"INSERT INTO EMPRESAS (RUC , RazonSocial, CorreoElectronico, FechaRegistro, CIIU, NumeroEstablecimientos)  VALUES  ('20123456789','VIVEROS PACHECO S.A','vpacheco.vivero@hotmail.com',DATEADD(D,-3,GETDATE()),'130',3)",,,,,
8/23/2025 16:14:25,wramirez.carbon@gmail.com,CARBONERA RAMIREZ S.R.L,20234567891,510,WANDA RAMIREZ SILVA,extraccion@carbram.com.pe,917187654,7,"INSERT INTO EMPRESAS (RUC , RazonSocial, CorreoElectronico, FechaRegistro, CIIU, NumeroEstablecimientos)  VALUES  ('20234567891','CARBONERA RAMIREZ S.R.L','wramirez.carbon@gmail.com',DATEADD(D,-7,GETDATE()),'510',7)",,,,,
8/24/2025 9:41:51,xvillareal.arena@yahoo.com,ARENERA VILLAREAL S.A.C,20345678912,812,XAVIER VILLAREAL LUNA,cantera@arenville.pe,916876543,4,"INSERT INTO EMPRESAS (RUC , RazonSocial, CorreoElectronico, FechaRegistro, CIIU, NumeroEstablecimientos)  VALUES  ('20345678912','ARENERA VILLAREAL S.A.C','xvillareal.arena@yahoo.com',DATEADD(D,-4,GETDATE()),'812',4)",,,,,
8/25/2025 13:16:14,ychavez.grava@outlook.com,GRAVERA CHAVEZ S.A,20456789123,812,YESENIA CHAVEZ MORENO,agregados@gravchav.com,915765432,2,"INSERT INTO EMPRESAS (RUC , RazonSocial, CorreoElectronico, FechaRegistro, CIIU, NumeroEstablecimientos)  VALUES  ('20456789123','GRAVERA CHAVEZ S.A','ychavez.grava@outlook.com',DATEADD(D,-2,GETDATE()),'812',2)",,,,,
8/26/2025 11:52:37,zsoto.granito@gmail.com,GRANITERIA SOTO S.R.L,20567891234,811,ZENON SOTO CASTILLO,marmoleria@gransot.pe,914654321,1,"INSERT INTO EMPRESAS (RUC , RazonSocial, CorreoElectronico, FechaRegistro, CIIU, NumeroEstablecimientos)  VALUES  ('20567891234','GRANITERIA SOTO S.R.L','zsoto.granito@gmail.com',DATEADD(D,-1,GETDATE()),'811',1)",,,,,
8/27/2025 15:29:58,abravo.ceramica@hotmail.com,CERAMICA ARTESANAL BRAVO S.A.C,20678912345,2393,ALICIA BRAVO HERRERA,alfareria@cerambrav.com.pe,913543218,1,"INSERT INTO EMPRESAS (RUC , RazonSocial, CorreoElectronico, FechaRegistro, CIIU, NumeroEstablecimientos)  VALUES  ('20678912345','CERAMICA ARTESANAL BRAVO S.A.C','abravo.ceramica@hotmail.com',DATEADD(D,-1,GETDATE()),'2393',1)",,,,,
8/28/2025 8:56:13,bcampos.ladrillos@yahoo.com,LADRILLERA CAMPOS S.A,20789123456,2392,BENJAMIN CAMPOS RIVERA,hornos@ladrcam.pe,912432187,3,"INSERT INTO EMPRESAS (RUC , RazonSocial, CorreoElectronico, FechaRegistro, CIIU, NumeroEstablecimientos)  VALUES  ('20789123456','LADRILLERA CAMPOS S.A','bcampos.ladrillos@yahoo.com',DATEADD(D,-3,GETDATE()),'2392',3)",,,,,
8/29/2025 12:23:46,cguerrero.tejas@gmail.com,TEJERA GUERRERO S.R.L,20891234567,2392,CAROLINA GUERRERO SALAS,tejado@tejguer.com,911321876,2,"INSERT INTO EMPRESAS (RUC , RazonSocial, CorreoElectronico, FechaRegistro, CIIU, NumeroEstablecimientos)  VALUES  ('20891234567','TEJERA GUERRERO S.R.L','cguerrero.tejas@gmail.com',DATEADD(D,-2,GETDATE()),'2392',2)",,,,,
8/30/2025 17:48:21,dhidalgo.yeso@outlook.com,YESERIA HIDALGO S.A.C,20912345678,2394,DOMINGO HIDALGO VEGA,enlucido@yeshid.pe,919218765,1,"INSERT INTO EMPRESAS (RUC , RazonSocial, CorreoElectronico, FechaRegistro, CIIU, NumeroEstablecimientos)  VALUES  ('20912345678','YESERIA HIDALGO S.A.C','dhidalgo.yeso@outlook.com',DATEADD(D,-1,GETDATE()),'2394',1)",,,,,
8/31/2025 14:15:39,efernandez.cal@hotmail.com,CALERA FERNANDEZ S.A,20123456789,2394,ESPERANZA FERNANDEZ TORRES,calcinacion@calfer.com.pe,918187654,4,"INSERT INTO EMPRESAS (RUC , RazonSocial, CorreoElectronico, FechaRegistro, CIIU, NumeroEstablecimientos)  VALUES  ('20123456789','CALERA FERNANDEZ S.A','efernandez.cal@hotmail.com',DATEADD(D,-4,GETDATE()),'2394',4)",,,,,
09/01/2025 10:42,fgonzalez.marmol@gmail.com,MARMOLERIA GONZALEZ S.R.L,20234567891,2396,FRANCISCO GONZALEZ RAMOS,pulido@margon.pe,917876543,1,"INSERT INTO EMPRESAS (RUC , RazonSocial, CorreoElectronico, FechaRegistro, CIIU, NumeroEstablecimientos)  VALUES  ('20234567891','MARMOLERIA GONZALEZ S.R.L','fgonzalez.marmol@gmail.com',DATEADD(D,-1,GETDATE()),'2396',1)",,,,,
09/02/2025 16:18,ghernandez.cantera@yahoo.com,CANTERA HERNANDEZ S.A.C,20345678912,811,GLORIA HERNANDEZ SILVA,explotacion@canthen.com,916765432,5,"INSERT INTO EMPRESAS (RUC , RazonSocial, CorreoElectronico, FechaRegistro, CIIU, NumeroEstablecimientos)  VALUES  ('20345678912','CANTERA HERNANDEZ S.A.C','ghernandez.cantera@yahoo.com',DATEADD(D,-5,GETDATE()),'811',5)",,,,,
09/03/2025 09:45,ilopez.minerales@outlook.com,MINERALES LOPEZ S.A,20456789123,729,ISADORA LOPEZ MENDOZA,procesamiento@minlop.pe,915654321,8,"INSERT INTO EMPRESAS (RUC , RazonSocial, CorreoElectronico, FechaRegistro, CIIU, NumeroEstablecimientos)  VALUES  ('20456789123','MINERALES LOPEZ S.A','ilopez.minerales@outlook.com',DATEADD(D,-8,GETDATE()),'729',8)",,,,,
09/04/2025 13:21,jmartinez.fundicion@gmail.com,FUNDICION MARTINEZ S.R.L,20567891234,2441,JACINTO MARTINEZ CASTRO,moldeo@fundmart.com.pe,914543218,2,"INSERT INTO EMPRESAS (RUC , RazonSocial, CorreoElectronico, FechaRegistro, CIIU, NumeroEstablecimientos)  VALUES  ('20567891234','FUNDICION MARTINEZ S.R.L','jmartinez.fundicion@gmail.com',DATEADD(D,-2,GETDATE()),'2441',2)",,,,,
09/05/2025 11:48,kmedina.forja@hotmail.com,FORJA MEDINA S.A.C,20678912345,2511,KARINA MEDINA TORRES,herreria@forjmed.pe,913432187,1,"INSERT INTO EMPRESAS (RUC , RazonSocial, CorreoElectronico, FechaRegistro, CIIU, NumeroEstablecimientos)  VALUES  ('20678912345','FORJA MEDINA S.A.C','kmedina.forja@hotmail.com',DATEADD(D,-1,GETDATE()),'2511',1)",,,,,
09/06/2025 15:14,lnu침ez.soldadura@yahoo.com,SOLDADURAS NU칌EZ S.A,20789123456,2511,LUIS NU칌EZ VARGAS,electrodo@solnu침.com,912321876,3,"INSERT INTO EMPRESAS (RUC , RazonSocial, CorreoElectronico, FechaRegistro, CIIU, NumeroEstablecimientos)  VALUES  ('20789123456','SOLDADURAS NU칌EZ S.A','lnu침ez.soldadura@yahoo.com',DATEADD(D,-3,GETDATE()),'2511',3)",,,,,
09/07/2025 08:39,mmoya.tuberia@gmail.com,TUBERIA MOYA S.R.L,20891234567,2420,MARGARITA MOYA LEON,trefilado@tubmoy.pe,911218765,2,"INSERT INTO EMPRESAS (RUC , RazonSocial, CorreoElectronico, FechaRegistro, CIIU, NumeroEstablecimientos)  VALUES  ('20891234567','TUBERIA MOYA S.R.L','mmoya.tuberia@gmail.com',DATEADD(D,-2,GETDATE()),'2420',2)",,,,,
09/08/2025 12:56,nnava.alambre@outlook.com,ALAMBRES NAVA S.A.C,20912345678,2420,NAPOLEON NAVA RIVERA,galvanizado@alamnav.com.pe,919187654,4,"INSERT INTO EMPRESAS (RUC , RazonSocial, CorreoElectronico, FechaRegistro, CIIU, NumeroEstablecimientos)  VALUES  ('20912345678','ALAMBRES NAVA S.A.C','nnava.alambre@outlook.com',DATEADD(D,-4,GETDATE()),'2420',4)",,,,,
09/09/2025 17:23,oortiz.tornillos@hotmail.com,TORNILLERIA ORTIZ S.A,20123456789,2593,OLGA ORTIZ MORALES,roscado@torort.pe,918876543,1,"INSERT INTO EMPRESAS (RUC , RazonSocial, CorreoElectronico, FechaRegistro, CIIU, NumeroEstablecimientos)  VALUES  ('20123456789','TORNILLERIA ORTIZ S.A','oortiz.tornillos@hotmail.com',DATEADD(D,-1,GETDATE()),'2593',1)",,,,,
09/10/2025 14:49,ppalacios.herramientas@gmail.com,HERRAMIENTAS PALACIOS S.R.L,20234567891,2593,PEDRO PALACIOS CRUZ,templado@herpal.com,917765432,2,"INSERT INTO EMPRESAS (RUC , RazonSocial, CorreoElectronico, FechaRegistro, CIIU, NumeroEstablecimientos)  VALUES  ('20234567891','HERRAMIENTAS PALACIOS S.R.L','ppalacios.herramientas@gmail.com',DATEADD(D,-2,GETDATE()),'2593',2)",,,,,
09/11/2025 10:16,qpe침a.maquinaria@yahoo.com,MAQUINARIA PE칌A S.A.C,20345678912,2812,QUINTINA PE칌A SANTOS,ensamble@maqpe침.pe,916654321,5,"INSERT INTO EMPRESAS (RUC , RazonSocial, CorreoElectronico, FechaRegistro, CIIU, NumeroEstablecimientos)  VALUES  ('20345678912','MAQUINARIA PE칌A S.A.C','qpe침a.maquinaria@yahoo.com',DATEADD(D,-5,GETDATE()),'2812',5)",,,,,
09/12/2025 16:43,rquiroz.motores@outlook.com,MOTORES QUIROZ S.A,20456789123,2910,RAFAEL QUIROZ DIAZ,reparacion@motqui.com.pe,915543218,3,"INSERT INTO EMPRESAS (RUC , RazonSocial, CorreoElectronico, FechaRegistro, CIIU, NumeroEstablecimientos)  VALUES  ('20456789123','MOTORES QUIROZ S.A','rquiroz.motores@outlook.com',DATEADD(D,-3,GETDATE()),'2910',3)",,,,,
9/13/2025 9:18:52,sramirez.bombas@gmail.com,BOMBAS RAMIREZ S.R.L,20567891234,2813,SANDRA RAMIREZ VILLA,hidraulica@bomram.pe,914432187,1,"INSERT INTO EMPRESAS (RUC , RazonSocial, CorreoElectronico, FechaRegistro, CIIU, NumeroEstablecimientos)  VALUES  ('20567891234','BOMBAS RAMIREZ S.R.L','sramirez.bombas@gmail.com',DATEADD(D,-1,GETDATE()),'2813',1)",,,,,
9/14/2025 13:45:15,tromero.valvulas@hotmail.com,VALVULAS ROMERO S.A.C,20678912345,2813,TIMOTEO ROMERO AGUIRRE,presion@valrom.com,913321876,2,"INSERT INTO EMPRESAS (RUC , RazonSocial, CorreoElectronico, FechaRegistro, CIIU, NumeroEstablecimientos)  VALUES  ('20678912345','VALVULAS ROMERO S.A.C','tromero.valvulas@hotmail.com',DATEADD(D,-2,GETDATE()),'2813',2)",,,,,
9/15/2025 11:12:38,usaavedra.compresores@yahoo.com,COMPRESORES SAAVEDRA S.A,20789123456,2813,ULRIKA SAAVEDRA PAZ,neumatica@comsaa.pe,912218765,4,"INSERT INTO EMPRESAS (RUC , RazonSocial, CorreoElectronico, FechaRegistro, CIIU, NumeroEstablecimientos)  VALUES  ('20789123456','COMPRESORES SAAVEDRA S.A','usaavedra.compresores@yahoo.com',DATEADD(D,-4,GETDATE()),'2813',4)",,,,,
9/16/2025 15:38:51,vsalinas.generadores@gmail.com,GENERADORES SALINAS S.R.L,20891234567,2711,VICENTE SALINAS MORENO,electrifica@gensal.com.pe,911187654,3,"INSERT INTO EMPRESAS (RUC , RazonSocial, CorreoElectronico, FechaRegistro, CIIU, NumeroEstablecimientos)  VALUES  ('20891234567','GENERADORES SALINAS S.R.L','vsalinas.generadores@gmail.com',DATEADD(D,-3,GETDATE()),'2711',3)",,,,,
9/17/2025 8:05:24,wsilva.transformadores@outlook.com,TRANSFORMADORES SILVA S.A.C,20912345678,2711,WENCESLAO SILVA TORRES,bobinado@transil.pe,919876543,1,"INSERT INTO EMPRESAS (RUC , RazonSocial, CorreoElectronico, FechaRegistro, CIIU, NumeroEstablecimientos)  VALUES  ('20912345678','TRANSFORMADORES SILVA S.A.C','wsilva.transformadores@outlook.com',DATEADD(D,-1,GETDATE()),'2711',1)",,,,,
9/18/2025 12:31:47,xsolis.cables@hotmail.com,CABLES SOLIS S.A,20123456789,2732,XIMARA SOLIS CASTRO,aislamiento@cabsol.com,918765432,6,"INSERT INTO EMPRESAS (RUC , RazonSocial, CorreoElectronico, FechaRegistro, CIIU, NumeroEstablecimientos)  VALUES  ('20123456789','CABLES SOLIS S.A','xsolis.cables@hotmail.com',DATEADD(D,-6,GETDATE()),'2732',6)",,,,,
9/19/2025 17:58:12,ytorres.baterias@gmail.com,BATERIAS TORRES S.R.L,20234567891,2720,YOLANDA TORRES RIVERA,acumulador@battor.pe,917654321,2,"INSERT INTO EMPRESAS (RUC , RazonSocial, CorreoElectronico, FechaRegistro, CIIU, NumeroEstablecimientos)  VALUES  ('20234567891','BATERIAS TORRES S.R.L','ytorres.baterias@gmail.com',DATEADD(D,-2,GETDATE()),'2720',2)",,,,,
9/20/2025 14:24:35,zuribe.electrodomesticos@yahoo.com,ELECTRODOMESTICOS URIBE S.A.C,20345678912,2750,ZORAIDA URIBE MENDOZA,refrigeracion@electurib.com.pe,916543218,4,"INSERT INTO EMPRESAS (RUC , RazonSocial, CorreoElectronico, FechaRegistro, CIIU, NumeroEstablecimientos)  VALUES  ('20345678912','ELECTRODOMESTICOS URIBE S.A.C','zuribe.electrodomesticos@yahoo.com',DATEADD(D,-4,GETDATE()),'2750',4)",,,,,
9/21/2025 10:51:58,avera.iluminacion@outlook.com,ILUMINACION VERA S.A,20456789123,2740,AURELIO VERA SANCHEZ,luminarias@ilumver.pe,915432187,1,"INSERT INTO EMPRESAS (RUC , RazonSocial, CorreoElectronico, FechaRegistro, CIIU, NumeroEstablecimientos)  VALUES  ('20456789123','ILUMINACION VERA S.A','avera.iluminacion@outlook.com',DATEADD(D,-1,GETDATE()),'2740',1)",,,,,
9/22/2025 16:17:21,bvargas.antenas@gmail.com,ANTENAS VARGAS S.R.L,20567891234,2630,BERENICE VARGAS LEON,transmision@antvar.com,914321876,3,"INSERT INTO EMPRESAS (RUC , RazonSocial, CorreoElectronico, FechaRegistro, CIIU, NumeroEstablecimientos)  VALUES  ('20567891234','ANTENAS VARGAS S.R.L','bvargas.antenas@gmail.com',DATEADD(D,-3,GETDATE()),'2630',3)",,,,,
9/23/2025 9:44:46,cweber.audio@hotmail.com,AUDIO WEBER S.A.C,20678912345,2640,CARLOS WEBER TORRES,sonido@audweb.pe,913218765,2,"INSERT INTO EMPRESAS (RUC , RazonSocial, CorreoElectronico, FechaRegistro, CIIU, NumeroEstablecimientos)  VALUES  ('20678912345','AUDIO WEBER S.A.C','cweber.audio@hotmail.com',DATEADD(D,-2,GETDATE()),'2640',2)",,,,,
9/24/2025 13:11:09,dvidal.video@yahoo.com,VIDEO VIDAL S.A,20789123456,2640,DANIELA VIDAL CASTRO,grabacion@vidvid.com.pe,912187654,1,"INSERT INTO EMPRESAS (RUC , RazonSocial, CorreoElectronico, FechaRegistro, CIIU, NumeroEstablecimientos)  VALUES  ('20789123456','VIDEO VIDAL S.A','dvidal.video@yahoo.com',DATEADD(D,-1,GETDATE()),'2640',1)",,,,,
9/25/2025 11:37:32,ewagner.computadoras@gmail.com,COMPUTADORAS WAGNER S.R.L,20891234567,2620,EDUARDO WAGNER RIVERA,ensamble@compwag.pe,911876543,5,"INSERT INTO EMPRESAS (RUC , RazonSocial, CorreoElectronico, FechaRegistro, CIIU, NumeroEstablecimientos)  VALUES  ('20891234567','COMPUTADORAS WAGNER S.R.L','ewagner.computadoras@gmail.com',DATEADD(D,-5,GETDATE()),'2620',5)",,,,,
9/26/2025 15:04:55,fxavier.software@outlook.com,SOFTWARE XAVIER S.A.C,20912345678,6201,FERNANDO XAVIER MORALES,desarrollo@softxav.com,919765432,1,"INSERT INTO EMPRESAS (RUC , RazonSocial, CorreoElectronico, FechaRegistro, CIIU, NumeroEstablecimientos)  VALUES  ('20912345678','SOFTWARE XAVIER S.A.C','fxavier.software@outlook.com',DATEADD(D,-1,GETDATE()),'6201',1)",,,,,
9/27/2025 8:31:18,gya침ez.redes@hotmail.com,REDES YA칌EZ S.A,20123456789,6110,GABRIELA YA칌EZ SILVA,conectividad@redya침.pe,918654321,2,"INSERT INTO EMPRESAS (RUC , RazonSocial, CorreoElectronico, FechaRegistro, CIIU, NumeroEstablecimientos)  VALUES  ('20123456789','REDES YA칌EZ S.A','gya침ez.redes@hotmail.com',DATEADD(D,-2,GETDATE()),'6110',2)",,,,,
9/28/2025 12:58:43,hzarate.telefonia@gmail.com,TELEFONIA ZARATE S.R.L,20234567891,6120,HUMBERTO ZARATE TORRES,comunicacion@telzar.com,917543218,4,"INSERT INTO EMPRESAS (RUC , RazonSocial, CorreoElectronico, FechaRegistro, CIIU, NumeroEstablecimientos)  VALUES  ('20234567891','TELEFONIA ZARATE S.R.L','hzarate.telefonia@gmail.com',DATEADD(D,-4,GETDATE()),'6120',4)",,,,,
9/29/2025 17:25:16,iabad.internet@yahoo.com,INTERNET ABAD S.A.C,20345678912,6110,IRENE ABAD CASTRO,proveedores@intaba.pe,916432187,3,"INSERT INTO EMPRESAS (RUC , RazonSocial, CorreoElectronico, FechaRegistro, CIIU, NumeroEstablecimientos)  VALUES  ('20345678912','INTERNET ABAD S.A.C','iabad.internet@yahoo.com',DATEADD(D,-3,GETDATE()),'6110',3)",,,,,
9/30/2025 14:52:39,jabreu.hosting@outlook.com,HOSTING ABREU S.A,20456789123,6311,JORGE ABREU RIVERA,servidores@hostabr.com.pe,915321876,1,"INSERT INTO EMPRESAS (RUC , RazonSocial, CorreoElectronico, FechaRegistro, CIIU, NumeroEstablecimientos)  VALUES  ('20456789123','HOSTING ABREU S.A','jabreu.hosting@outlook.com',DATEADD(D,-1,GETDATE()),'6311',1)",,,,,
10/01/2025 10:19,kacosta.web@gmail.com,WEB ACOSTA S.R.L,20567891234,6201,KIMBERLY ACOSTA MORALES,dise침o@webaco.pe,914218765,2,"INSERT INTO EMPRESAS (RUC , RazonSocial, CorreoElectronico, FechaRegistro, CIIU, NumeroEstablecimientos)  VALUES  ('20567891234','WEB ACOSTA S.R.L','kacosta.web@gmail.com',DATEADD(D,-2,GETDATE()),'6201',2)",,,,,
10/02/2025 16:46,laguilar.marketing@hotmail.com,MARKETING AGUILAR S.A.C,20678912345,7310,LEONARDO AGUILAR SILVA,publicidad@markagu.com,913187654,3,"INSERT INTO EMPRESAS (RUC , RazonSocial, CorreoElectronico, FechaRegistro, CIIU, NumeroEstablecimientos)  VALUES  ('20678912345','MARKETING AGUILAR S.A.C','laguilar.marketing@hotmail.com',DATEADD(D,-3,GETDATE()),'7310',3)",,,,,
10/03/2025 09:13,malarc칩n.eventos@yahoo.com,EVENTOS ALARCON S.A,20789123456,8230,MARINA ALARCON TORRES,organizacion@evenalar.pe,912876543,1,"INSERT INTO EMPRESAS (RUC , RazonSocial, CorreoElectronico, FechaRegistro, CIIU, NumeroEstablecimientos)  VALUES  ('20789123456','EVENTOS ALARCON S.A','malarc칩n.eventos@yahoo.com',DATEADD(D,-1,GETDATE()),'8230',1)",,,,,
10/04/2025 13:39,naldana.catering@gmail.com,CATERING ALDANA S.R.L,20891234567,5629,NESTOR ALDANA CASTRO,banquetes@catald.com.pe,911765432,4,"INSERT INTO EMPRESAS (RUC , RazonSocial, CorreoElectronico, FechaRegistro, CIIU, NumeroEstablecimientos)  VALUES  ('20891234567','CATERING ALDANA S.R.L','naldana.catering@gmail.com',DATEADD(D,-4,GETDATE()),'5629',4)",,,,,
10/05/2025 11:06,oalmonte.floreria@outlook.com,FLORERIA ALMONTE S.A.C,20912345678,4776,OFELIA ALMONTE RIVERA,arreglos@floralm.pe,919654321,2,"INSERT INTO EMPRESAS (RUC , RazonSocial, CorreoElectronico, FechaRegistro, CIIU, NumeroEstablecimientos)  VALUES  ('20912345678','FLORERIA ALMONTE S.A.C','oalmonte.floreria@outlook.com',DATEADD(D,-2,GETDATE()),'4776',2)",,,,,
10/06/2025 15:32,palvarez.joyeria@hotmail.com,JOYERIA ALVAREZ S.A,20123456789,3211,PABLO ALVAREZ MORALES,orfebreria@joyalv.com,918543218,1,"INSERT INTO EMPRESAS (RUC , RazonSocial, CorreoElectronico, FechaRegistro, CIIU, NumeroEstablecimientos)  VALUES  ('20123456789','JOYERIA ALVAREZ S.A','palvarez.joyeria@hotmail.com',DATEADD(D,-1,GETDATE()),'3211',1)",,,,,
10/07/2025 08:59,qandrade.relojeria@gmail.com,RELOJERIA ANDRADE S.R.L,20234567891,3312,QUIRINO ANDRADE SILVA,reparacion@reland.pe,917432187,1,"INSERT INTO EMPRESAS (RUC , RazonSocial, CorreoElectronico, FechaRegistro, CIIU, NumeroEstablecimientos)  VALUES  ('20234567891','RELOJERIA ANDRADE S.R.L','qandrade.relojeria@gmail.com',DATEADD(D,-1,GETDATE()),'3312',1)",,,,,
10/08/2025 12:25,rangulo.optica@yahoo.com,OPTICA ANGULO S.A.C,20345678912,4774,RAQUEL ANGULO TORRES,lentes@optang.com.pe,916321876,3,"INSERT INTO EMPRESAS (RUC , RazonSocial, CorreoElectronico, FechaRegistro, CIIU, NumeroEstablecimientos)  VALUES  ('20345678912','OPTICA ANGULO S.A.C','rangulo.optica@yahoo.com',DATEADD(D,-3,GETDATE()),'4774',3)",,,,,
10/09/2025 17:52,saparicio.fotografia@outlook.com,FOTOGRAFIA APARICIO S.A,20456789123,7420,SEBASTIAN APARICIO CASTRO,estudio@fotoapa.pe,915218765,1,"INSERT INTO EMPRESAS (RUC , RazonSocial, CorreoElectronico, FechaRegistro, CIIU, NumeroEstablecimientos)  VALUES  ('20456789123','FOTOGRAFIA APARICIO S.A','saparicio.fotografia@outlook.com',DATEADD(D,-1,GETDATE()),'7420',1)",,,,,
10/10/2025 14:18,tarana.imprenta@gmail.com,IMPRENTA ARANA S.R.L,20567891234,1811,TERESA ARANA RIVERA,offset@imparan.com,914187654,2,"INSERT INTO EMPRESAS (RUC , RazonSocial, CorreoElectronico, FechaRegistro, CIIU, NumeroEstablecimientos)  VALUES  ('20567891234','IMPRENTA ARANA S.R.L','tarana.imprenta@gmail.com',DATEADD(D,-2,GETDATE()),'1811',2)",,,,,
10/11/2025 10:45,uarce.editorial@hotmail.com,EDITORIAL ARCE S.A.C,20678912345,5811,URBANO ARCE MORALES,publicacion@editarc.pe,913876543,1,"INSERT INTO EMPRESAS (RUC , RazonSocial, CorreoElectronico, FechaRegistro, CIIU, NumeroEstablecimientos)  VALUES  ('20678912345','EDITORIAL ARCE S.A.C','uarce.editorial@hotmail.com',DATEADD(D,-1,GETDATE()),'5811',1)",,,,,
10/12/2025 16:12,varenas.libreria@yahoo.com,LIBRERIA ARENAS S.A,20789123456,4761,VALENTINA ARENAS SILVA,distribucion@libaren.com.pe,912765432,4,"INSERT INTO EMPRESAS (RUC , RazonSocial, CorreoElectronico, FechaRegistro, CIIU, NumeroEstablecimientos)  VALUES  ('20789123456','LIBRERIA ARENAS S.A','varenas.libreria@yahoo.com',DATEADD(D,-4,GETDATE()),'4761',4)",,,,,
10/13/2025 9:38:46,warias.papeleria@gmail.com,PAPELERIA ARIAS S.R.L,20891234567,4762,WILMER ARIAS TORRES,utiles@paparia.pe,911654321,2,"INSERT INTO EMPRESAS (RUC , RazonSocial, CorreoElectronico, FechaRegistro, CIIU, NumeroEstablecimientos)  VALUES  ('20891234567','PAPELERIA ARIAS S.R.L','warias.papeleria@gmail.com',DATEADD(D,-2,GETDATE()),'4762',2)",,,,,
10/14/2025 13:05:19,xarmstrong.deportes@outlook.com,DEPORTES ARMSTRONG S.A.C,20912345678,4763,XIMENA ARMSTRONG CASTRO,equipamiento@deparm.com,919543218,3,"INSERT INTO EMPRESAS (RUC , RazonSocial, CorreoElectronico, FechaRegistro, CIIU, NumeroEstablecimientos)  VALUES  ('20912345678','DEPORTES ARMSTRONG S.A.C','xarmstrong.deportes@outlook.com',DATEADD(D,-3,GETDATE()),'4763',3)",,,,,
10/15/2025 11:31:42,yarruda.gimnasio@hotmail.com,GIMNASIO ARRUDA S.A,20123456789,9311,YOLANDA ARRUDA RIVERA,entrenamiento@gimarra.pe,918432187,1,"INSERT INTO EMPRESAS (RUC , RazonSocial, CorreoElectronico, FechaRegistro, CIIU, NumeroEstablecimientos)  VALUES  ('20123456789','GIMNASIO ARRUDA S.A','yarruda.gimnasio@hotmail.com',DATEADD(D,-1,GETDATE()),'9311',1)",,,,,
10/16/2025 15:58:05,zascencio.piscina@gmail.com,PISCINAS ASCENCIO S.R.L,20234567891,4329,ZENON ASCENCIO MORALES,construccion@pisasc.com.pe,917321876,2,"INSERT INTO EMPRESAS (RUC , RazonSocial, CorreoElectronico, FechaRegistro, CIIU, NumeroEstablecimientos)  VALUES  ('20234567891','PISCINAS ASCENCIO S.R.L','zascencio.piscina@gmail.com',DATEADD(D,-2,GETDATE()),'4329',2)",,,,,
10/17/2025 8:24:28,aavila.jardineria@yahoo.com,JARDINERIA AVILA S.A.C,20345678912,8130,AURORA AVILA SILVA,paisajismo@jardavi.pe,916218765,5,"INSERT INTO EMPRESAS (RUC , RazonSocial, CorreoElectronico, FechaRegistro, CIIU, NumeroEstablecimientos)  VALUES  ('20345678912','JARDINERIA AVILA S.A.C','aavila.jardineria@yahoo.com',DATEADD(D,-5,GETDATE()),'8130',5)",,,,,
10/18/2025 12:51:53,bbaez.fumigacion@outlook.com,FUMIGACION BAEZ S.A,20456789123,8129,BRUNO BAEZ TORRES,control@fumbaez.com,915187654,3,"INSERT INTO EMPRESAS (RUC , RazonSocial, CorreoElectronico, FechaRegistro, CIIU, NumeroEstablecimientos)  VALUES  ('20456789123','FUMIGACION BAEZ S.A','bbaez.fumigacion@outlook.com',DATEADD(D,-3,GETDATE()),'8129',3)",,,,,
10/19/2025 17:18:16,cbaldeon.veterinaria@gmail.com,VETERINARIA BALDEON S.R.L,20567891234,7500,CARLOS BALDEON CASTRO,consultas@vetbal.pe,914876543,1,"INSERT INTO EMPRESAS (RUC , RazonSocial, CorreoElectronico, FechaRegistro, CIIU, NumeroEstablecimientos)  VALUES  ('20567891234','VETERINARIA BALDEON S.R.L','cbaldeon.veterinaria@gmail.com',DATEADD(D,-1,GETDATE()),'7500',1)",,,,,
10/20/2025 14:44:39,dbarrera.mascotas@hotmail.com,MASCOTAS BARRERA S.A.C,20678912345,4776,DIANA BARRERA RIVERA,cuidado@mascbar.com.pe,913765432,2,"INSERT INTO EMPRESAS (RUC , RazonSocial, CorreoElectronico, FechaRegistro, CIIU, NumeroEstablecimientos)  VALUES  ('20678912345','MASCOTAS BARRERA S.A.C','dbarrera.mascotas@hotmail.com',DATEADD(D,-2,GETDATE()),'4776',2)",,,,,
10/21/2025 10:11:52,ebarrios.agroveterinaria@yahoo.com,AGROVETERINARIA BARRIOS S.A,20789123456,4661,EDUARDO BARRIOS MORALES,productos@agrobar.pe,912654321,4,"INSERT INTO EMPRESAS (RUC , RazonSocial, CorreoElectronico, FechaRegistro, CIIU, NumeroEstablecimientos)  VALUES  ('20789123456','AGROVETERINARIA BARRIOS S.A','ebarrios.agroveterinaria@yahoo.com',DATEADD(D,-4,GETDATE()),'4661',4)",,,,,
10/22/2025 16:38:17,fbatista.semillas@gmail.com,SEMILLAS BATISTA S.R.L,20891234567,4661,FERNANDA BATISTA SILVA,distribucion@sembat.com,911543218,3,"INSERT INTO EMPRESAS (RUC , RazonSocial, CorreoElectronico, FechaRegistro, CIIU, NumeroEstablecimientos)  VALUES  ('20891234567','SEMILLAS BATISTA S.R.L','fbatista.semillas@gmail.com',DATEADD(D,-3,GETDATE()),'4661',3)",,,,,
10/23/2025 9:05:42,gbecerra.fertilizantes@outlook.com,FERTILIZANTES BECERRA S.A.C,20912345678,2012,GONZALO BECERRA TORRES,mezclas@fertbec.pe,919432187,2,"INSERT INTO EMPRESAS (RUC , RazonSocial, CorreoElectronico, FechaRegistro, CIIU, NumeroEstablecimientos)  VALUES  ('20912345678','FERTILIZANTES BECERRA S.A.C','gbecerra.fertilizantes@outlook.com',DATEADD(D,-2,GETDATE()),'2012',2)",,,,,
10/24/2025 13:32:05,hbeltran.pesticidas@hotmail.com,PESTICIDAS BELTRAN S.A,20123456789,2021,HELENA BELTRAN CASTRO,formulacion@pestbel.com.pe,918321876,1,"INSERT INTO EMPRESAS (RUC , RazonSocial, CorreoElectronico, FechaRegistro, CIIU, NumeroEstablecimientos)  VALUES  ('20123456789','PESTICIDAS BELTRAN S.A','hbeltran.pesticidas@hotmail.com',DATEADD(D,-1,GETDATE()),'2021',1)",,,,,
10/25/2025 11:58:28,ibermudez.riego@gmail.com,SISTEMAS RIEGO BERMUDEZ S.R.L,20234567891,2825,IGNACIO BERMUDEZ RIVERA,instalacion@riegber.pe,917218765,6,"INSERT INTO EMPRESAS (RUC , RazonSocial, CorreoElectronico, FechaRegistro, CIIU, NumeroEstablecimientos)  VALUES  ('20234567891','SISTEMAS RIEGO BERMUDEZ S.R.L','ibermudez.riego@gmail.com',DATEADD(D,-6,GETDATE()),'2825',6)",,,,,
10/26/2025 15:25:51,jblanco.invernaderos@yahoo.com,INVERNADEROS BLANCO S.A.C,20345678912,4663,JULIA BLANCO MORALES,construccion@invblan.com,916187654,3,"INSERT INTO EMPRESAS (RUC , RazonSocial, CorreoElectronico, FechaRegistro, CIIU, NumeroEstablecimientos)  VALUES  ('20345678912','INVERNADEROS BLANCO S.A.C','jblanco.invernaderos@yahoo.com',DATEADD(D,-3,GETDATE()),'4663',3)",,,,,
10/27/2025 8:52:14,kbonilla.hidroponicos@outlook.com,HIDROPONICOS BONILLA S.A,20456789123,113,KEVIN BONILLA SILVA,cultivos@hidbon.pe,915876543,2,"INSERT INTO EMPRESAS (RUC , RazonSocial, CorreoElectronico, FechaRegistro, CIIU, NumeroEstablecimientos)  VALUES  ('20456789123','HIDROPONICOS BONILLA S.A','kbonilla.hidroponicos@outlook.com',DATEADD(D,-2,GETDATE()),'113',2)",,,,,
10/28/2025 12:19:37,lborja.organicos@gmail.com,ORGANICOS BORJA S.R.L,20567891234,113,LORENA BORJA TORRES,certificacion@orgbor.com.pe,914765432,4,"INSERT INTO EMPRESAS (RUC , RazonSocial, CorreoElectronico, FechaRegistro, CIIU, NumeroEstablecimientos)  VALUES  ('20567891234','ORGANICOS BORJA S.R.L','lborja.organicos@gmail.com',DATEADD(D,-4,GETDATE()),'113',4)",,,,,
10/29/2025 17:46:12,mbravo.exportacion@hotmail.com,EXPORTADORA BRAVO S.A.C,20678912345,4630,MIGUEL BRAVO CASTRO,comercio@expbrav.pe,913654321,1,"INSERT INTO EMPRESAS (RUC , RazonSocial, CorreoElectronico, FechaRegistro, CIIU, NumeroEstablecimientos)  VALUES  ('20678912345','EXPORTADORA BRAVO S.A.C','mbravo.exportacion@hotmail.com',DATEADD(D,-1,GETDATE()),'4630',1)",,,,,
10/30/2025 14:13:35,nbrice침o.importacion@yahoo.com,IMPORTADORA BRICE칌O S.A,20789123456,4690,NANCY BRICE칌O RIVERA,logistica@impbric.com,912543218,5,"INSERT INTO EMPRESAS (RUC , RazonSocial, CorreoElectronico, FechaRegistro, CIIU, NumeroEstablecimientos)  VALUES  ('20789123456','IMPORTADORA BRICE칌O S.A','nbrice침o.importacion@yahoo.com',DATEADD(D,-5,GETDATE()),'4690',5)",,,,,
10/31/2025 10:39:58,oburgos.aduanas@gmail.com,ADUANAS BURGOS S.R.L,20891234567,5229,OSCAR BURGOS MORALES,tramites@aduburg.pe,911432187,2,"INSERT INTO EMPRESAS (RUC , RazonSocial, CorreoElectronico, FechaRegistro, CIIU, NumeroEstablecimientos)  VALUES  ('20891234567','ADUANAS BURGOS S.R.L','oburgos.aduanas@gmail.com',DATEADD(D,-2,GETDATE()),'5229',2)",,,,,
11/01/2025 16:06,pcabello.almacenes@outlook.com,ALMACENES CABELLO S.A.C,20912345678,5210,PATRICIA CABELLO SILVA,depositos@almcab.com.pe,919321876,8,"INSERT INTO EMPRESAS (RUC , RazonSocial, CorreoElectronico, FechaRegistro, CIIU, NumeroEstablecimientos)  VALUES  ('20912345678','ALMACENES CABELLO S.A.C','pcabello.almacenes@outlook.com',DATEADD(D,-8,GETDATE()),'5210',8)",,,,,
11/02/2025 09:33,qcabrera.distribuidora@hotmail.com,DISTRIBUIDORA CABRERA S.A,20123456789,4690,QUINTIN CABRERA TORRES,reparto@distcab.pe,918218765,3,"INSERT INTO EMPRESAS (RUC , RazonSocial, CorreoElectronico, FechaRegistro, CIIU, NumeroEstablecimientos)  VALUES  ('20123456789','DISTRIBUIDORA CABRERA S.A','qcabrera.distribuidora@hotmail.com',DATEADD(D,-3,GETDATE()),'4690',3)",,,,,
11/03/2025 13:59,rcaldera.mayorista@gmail.com,MAYORISTA CALDERA S.R.L,20234567891,4639,RAQUEL CALDERA CASTRO,ventas@maycald.com,917187654,1,"INSERT INTO EMPRESAS (RUC , RazonSocial, CorreoElectronico, FechaRegistro, CIIU, NumeroEstablecimientos)  VALUES  ('20234567891','MAYORISTA CALDERA S.R.L','rcaldera.mayorista@gmail.com',DATEADD(D,-1,GETDATE()),'4639',1)",,,,,
11/04/2025 11:26,scalder칩N.minorista@yahoo.com,MINORISTA CALDERON S.A.C,20345678912,4719,SERGIO CALDERON RIVERA,retail@mincald.pe,916876543,6,"INSERT INTO EMPRESAS (RUC , RazonSocial, CorreoElectronico, FechaRegistro, CIIU, NumeroEstablecimientos)  VALUES  ('20345678912','MINORISTA CALDERON S.A.C','scalder칩N.minorista@yahoo.com',DATEADD(D,-6,GETDATE()),'4719',6)",,,,,
11/05/2025 15:52,tcampos.supermercado@outlook.com,SUPERMERCADO CAMPOS S.A,20456789123,4711,TERESA CAMPOS MORALES,gerencia@supcam.com.pe,915765432,4,"INSERT INTO EMPRESAS (RUC , RazonSocial, CorreoElectronico, FechaRegistro, CIIU, NumeroEstablecimientos)  VALUES  ('20456789123','SUPERMERCADO CAMPOS S.A','tcampos.supermercado@outlook.com',DATEADD(D,-4,GETDATE()),'4711',4)",,,,,
11/06/2025 08:19,ucampusano.minimarket@gmail.com,MINIMARKET CAMPUSANO S.R.L,20567891234,4711,URBANO CAMPUSANO SILVA,administracion@minicamp.pe,914654321,2,"INSERT INTO EMPRESAS (RUC , RazonSocial, CorreoElectronico, FechaRegistro, CIIU, NumeroEstablecimientos)  VALUES  ('20567891234','MINIMARKET CAMPUSANO S.R.L','ucampusano.minimarket@gmail.com',DATEADD(D,-2,GETDATE()),'4711',2)",,,,,
11/07/2025 12:46,vcanales.bodega@hotmail.com,BODEGAS CANALES S.A.C,20678912345,4711,VERONICA CANALES TORRES,inventario@bodcan.com,913543218,5,"INSERT INTO EMPRESAS (RUC , RazonSocial, CorreoElectronico, FechaRegistro, CIIU, NumeroEstablecimientos)  VALUES  ('20678912345','BODEGAS CANALES S.A.C','vcanales.bodega@hotmail.com',DATEADD(D,-5,GETDATE()),'4711',5)",,,,,
11/08/2025 17:13,wca침as.licoreria@yahoo.com,LICORERIA CA칌AS S.A,20789123456,4725,WALTER CA칌AS CASTRO,destileria@licca침.pe,912432187,1,"INSERT INTO EMPRESAS (RUC , RazonSocial, CorreoElectronico, FechaRegistro, CIIU, NumeroEstablecimientos)  VALUES  ('20789123456','LICORERIA CA칌AS S.A','wca침as.licoreria@yahoo.com',DATEADD(D,-1,GETDATE()),'4725',1)",,,,,
11/09/2025 14:40,xcarbajal.tabaqueria@gmail.com,TABAQUERIA CARBAJAL S.R.L,20891234567,4726,XIMENA CARBAJAL RIVERA,cigarros@tabcarb.com.pe,911321876,2,"INSERT INTO EMPRESAS (RUC , RazonSocial, CorreoElectronico, FechaRegistro, CIIU, NumeroEstablecimientos)  VALUES  ('20891234567','TABAQUERIA CARBAJAL S.R.L','xcarbajal.tabaqueria@gmail.com',DATEADD(D,-2,GETDATE()),'4726',2)",,,,,
11/10/2025 10:07,ycardenas.farmacia@outlook.com,FARMACIA CARDENAS S.A.C,20912345678,4773,YOSEF CARDENAS MORALES,medicamentos@farmcard.pe,919218765,3,"INSERT INTO EMPRESAS (RUC , RazonSocial, CorreoElectronico, FechaRegistro, CIIU, NumeroEstablecimientos)  VALUES  ('20912345678','FARMACIA CARDENAS S.A.C','ycardenas.farmacia@outlook.com',DATEADD(D,-3,GETDATE()),'4773',3)",,,,,
11/11/2025 16:34,zcarrillo.drogueria@hotmail.com,DROGUERIA CARRILLO S.A,20123456789,4664,ZOILA CARRILLO SILVA,distribucion@drogcarr.com,918187654,1,"INSERT INTO EMPRESAS (RUC , RazonSocial, CorreoElectronico, FechaRegistro, CIIU, NumeroEstablecimientos)  VALUES  ('20123456789','DROGUERIA CARRILLO S.A','zcarrillo.drogueria@hotmail.com',DATEADD(D,-1,GETDATE()),'4664',1)",,,,,
11/12/2025 09:01,acastillo.cosmeticos@gmail.com,COSMETICOS CASTILLO S.R.L,20234567891,4775,ALFONSO CASTILLO TORRES,belleza@cosmcast.pe,917876543,4,"INSERT INTO EMPRESAS (RUC , RazonSocial, CorreoElectronico, FechaRegistro, CIIU, NumeroEstablecimientos)  VALUES  ('20234567891','COSMETICOS CASTILLO S.R.L','acastillo.cosmeticos@gmail.com',DATEADD(D,-4,GETDATE()),'4775',4)",,,,,
11/13/2025 13:28:01,bcastro.perfumeria@yahoo.com,PERFUMERIA CASTRO S.A.C,20345678912,4775,BLANCA CASTRO CASTRO,fragancias@perfcast.com.pe,916765432,2,"INSERT INTO EMPRESAS (RUC , RazonSocial, CorreoElectronico, FechaRegistro, CIIU, NumeroEstablecimientos)  VALUES  ('20345678912','PERFUMERIA CASTRO S.A.C','bcastro.perfumeria@yahoo.com',DATEADD(D,-2,GETDATE()),'4775',2)",,,,,
11/14/2025 11:54:24,ccervantes.peluqueria@outlook.com,PELUQUERIA CERVANTES S.A,20456789123,9602,CESAR CERVANTES RIVERA,salon@pelucer.pe,915654321,3,"INSERT INTO EMPRESAS (RUC , RazonSocial, CorreoElectronico, FechaRegistro, CIIU, NumeroEstablecimientos)  VALUES  ('20456789123','PELUQUERIA CERVANTES S.A','ccervantes.peluqueria@outlook.com',DATEADD(D,-3,GETDATE()),'9602',3)",,,,,
11/15/2025 15:21:47,dchacon.spa@gmail.com,SPA CHACON S.R.L,20567891234,9604,DIANA CHACON MORALES,relajacion@spachac.com,914543218,1,"INSERT INTO EMPRESAS (RUC , RazonSocial, CorreoElectronico, FechaRegistro, CIIU, NumeroEstablecimientos)  VALUES  ('20567891234','SPA CHACON S.R.L','dchacon.spa@gmail.com',DATEADD(D,-1,GETDATE()),'9604',1)",,,,,
11/16/2025 8:48:12,echavez.gimnasio@hotmail.com,GIMNASIO CHAVEZ S.A.C,20678912345,9311,EDUARDO CHAVEZ SILVA,fitness@gimchav.pe,913432187,2,"INSERT INTO EMPRESAS (RUC , RazonSocial, CorreoElectronico, FechaRegistro, CIIU, NumeroEstablecimientos)  VALUES  ('20678912345','GIMNASIO CHAVEZ S.A.C','echavez.gimnasio@hotmail.com',DATEADD(D,-2,GETDATE()),'9311',2)",,,,,
11/17/2025 12:15:35,fchiara.danza@yahoo.com,ACADEMIA DANZA CHIARA S.A,20789123456,8552,FERNANDA CHIARA TORRES,ballet@danzchiar.com.pe,912321876,1,"INSERT INTO EMPRESAS (RUC , RazonSocial, CorreoElectronico, FechaRegistro, CIIU, NumeroEstablecimientos)  VALUES  ('20789123456','ACADEMIA DANZA CHIARA S.A','fchiara.danza@yahoo.com',DATEADD(D,-1,GETDATE()),'8552',1)",,,,,
11/18/2025 17:42:58,gcifuentes.musica@gmail.com,ESCUELA MUSICA CIFUENTES S.R.L,20891234567,8552,GONZALO CIFUENTES CASTRO,instrumentos@muscif.pe,911218765,4,"INSERT INTO EMPRESAS (RUC , RazonSocial, CorreoElectronico, FechaRegistro, CIIU, NumeroEstablecimientos)  VALUES  ('20891234567','ESCUELA MUSICA CIFUENTES S.R.L','gcifuentes.musica@gmail.com',DATEADD(D,-4,GETDATE()),'8552',4)",,,,,
11/19/2025 14:09:21,hcoello.arte@outlook.com,TALLER ARTE COELLO S.A.C,20912345678,8552,HELENA COELLO RIVERA,pintura@artcoel.com,919187654,1,"INSERT INTO EMPRESAS (RUC , RazonSocial, CorreoElectronico, FechaRegistro, CIIU, NumeroEstablecimientos)  VALUES  ('20912345678','TALLER ARTE COELLO S.A.C','hcoello.arte@outlook.com',DATEADD(D,-1,GETDATE()),'8552',1)",,,,,
11/20/2025 10:36:46,icolmenares.fotografia@hotmail.com,ESTUDIO FOTOGRAFIA COLMENARES S.A,20123456789,7420,IGNACIO COLMENARES MORALES,retratos@fotocolm.pe,918876543,2,"INSERT INTO EMPRESAS (RUC , RazonSocial, CorreoElectronico, FechaRegistro, CIIU, NumeroEstablecimientos)  VALUES  ('20123456789','ESTUDIO FOTOGRAFIA COLMENARES S.A','icolmenares.fotografia@hotmail.com',DATEADD(D,-2,GETDATE()),'7420',2)",,,,,
11/21/2025 16:03:09,jcordero.video@gmail.com,PRODUCTORA VIDEO CORDERO S.R.L,20234567891,5911,JULIA CORDERO SILVA,audiovisual@vidcord.com.pe,917765432,3,"INSERT INTO EMPRESAS (RUC , RazonSocial, CorreoElectronico, FechaRegistro, CIIU, NumeroEstablecimientos)  VALUES  ('20234567891','PRODUCTORA VIDEO CORDERO S.R.L','jcordero.video@gmail.com',DATEADD(D,-3,GETDATE()),'5911',3)",,,,,
11/22/2025 9:29:32,kcorrea.radio@yahoo.com,RADIO CORREA S.A.C,20345678912,6010,KEVIN CORREA TORRES,transmision@radiocorr.pe,916654321,1,"INSERT INTO EMPRESAS (RUC , RazonSocial, CorreoElectronico, FechaRegistro, CIIU, NumeroEstablecimientos)  VALUES  ('20345678912','RADIO CORREA S.A.C','kcorrea.radio@yahoo.com',DATEADD(D,-1,GETDATE()),'6010',1)",,,,,
11/23/2025 13:56:57,lcortez.television@outlook.com,TELEVISION CORTEZ S.A,20456789123,6020,LORENA CORTEZ CASTRO,programacion@tvcort.com,915543218,2,"INSERT INTO EMPRESAS (RUC , RazonSocial, CorreoElectronico, FechaRegistro, CIIU, NumeroEstablecimientos)  VALUES  ('20456789123','TELEVISION CORTEZ S.A','lcortez.television@outlook.com',DATEADD(D,-2,GETDATE()),'6020',2)",,,,,
11/24/2025 11:23:20,mcristobal.periodico@gmail.com,PERIODICO CRISTOBAL S.R.L,20567891234,5813,MIGUEL CRISTOBAL RIVERA,redaccion@periscrist.pe,914432187,1,"INSERT INTO EMPRESAS (RUC , RazonSocial, CorreoElectronico, FechaRegistro, CIIU, NumeroEstablecimientos)  VALUES  ('20567891234','PERIODICO CRISTOBAL S.R.L','mcristobal.periodico@gmail.com',DATEADD(D,-1,GETDATE()),'5813',1)",,,,,
11/25/2025 15:49:43,ncruz.revista@hotmail.com,REVISTA CRUZ S.A.C,20678912345,5813,NANCY CRUZ MORALES,edicion@revcruz.com.pe,913321876,3,"INSERT INTO EMPRESAS (RUC , RazonSocial, CorreoElectronico, FechaRegistro, CIIU, NumeroEstablecimientos)  VALUES  ('20678912345','REVISTA CRUZ S.A.C','ncruz.revista@hotmail.com',DATEADD(D,-3,GETDATE()),'5813',3)",,,,,
11/26/2025 8:16:08,ocuadros.publicidad@yahoo.com,AGENCIA PUBLICIDAD CUADROS S.A,20789123456,7310,OSCAR CUADROS SILVA,creatividad@pubcuad.pe,912218765,4,"INSERT INTO EMPRESAS (RUC , RazonSocial, CorreoElectronico, FechaRegistro, CIIU, NumeroEstablecimientos)  VALUES  ('20789123456','AGENCIA PUBLICIDAD CUADROS S.A','ocuadros.publicidad@yahoo.com',DATEADD(D,-4,GETDATE()),'7310',4)",,,,,
11/27/2025 12:43:31,pcuellar.dise침o@gmail.com,DISE칌O CUELLAR S.R.L,20891234567,7410,PATRICIA CUELLAR TORRES,grafico@discuel.com,911187654,2,"INSERT INTO EMPRESAS (RUC , RazonSocial, CorreoElectronico, FechaRegistro, CIIU, NumeroEstablecimientos)  VALUES  ('20891234567','DISE칌O CUELLAR S.R.L','pcuellar.dise침o@gmail.com',DATEADD(D,-2,GETDATE()),'7410',2)",,,,,
11/28/2025 17:09:54,qcuesta.arquitectura@outlook.com,ARQUITECTURA CUESTA S.A.C,20912345678,7111,QUINTIN CUESTA CASTRO,proyectos@arqucues.pe,919876543,1,"INSERT INTO EMPRESAS (RUC , RazonSocial, CorreoElectronico, FechaRegistro, CIIU, NumeroEstablecimientos)  VALUES  ('20912345678','ARQUITECTURA CUESTA S.A.C','qcuesta.arquitectura@outlook.com',DATEADD(D,-1,GETDATE()),'7111',1)",,,,,
11/29/2025 14:37:17,rdavila.construccion@hotmail.com,CONSTRUCCION DAVILA S.A,20123456789,4100,RAQUEL DAVILA RIVERA,edificaciones@constdav.com.pe,918765432,5,"INSERT INTO EMPRESAS (RUC , RazonSocial, CorreoElectronico, FechaRegistro, CIIU, NumeroEstablecimientos)  VALUES  ('20123456789','CONSTRUCCION DAVILA S.A','rdavila.construccion@hotmail.com',DATEADD(D,-5,GETDATE()),'4100',5)",,,,,
11/30/2025 10:04:42,sdelgado.demolicion@gmail.com,DEMOLICIONES DELGADO S.R.L,20234567891,4311,SERGIO DELGADO MORALES,derribo@demoldelg.pe,917654321,3,"INSERT INTO EMPRESAS (RUC , RazonSocial, CorreoElectronico, FechaRegistro, CIIU, NumeroEstablecimientos)  VALUES  ('20234567891','DEMOLICIONES DELGADO S.R.L','sdelgado.demolicion@gmail.com',DATEADD(D,-3,GETDATE()),'4311',3)",,,,,
12/01/2025 16:31,tdiaz.excavacion@yahoo.com,EXCAVACIONES DIAZ S.A.C,20345678912,4312,TERESA DIAZ SILVA,movimiento@excdiaz.com,916543218,2,"INSERT INTO EMPRESAS (RUC , RazonSocial, CorreoElectronico, FechaRegistro, CIIU, NumeroEstablecimientos)  VALUES  ('20345678912','EXCAVACIONES DIAZ S.A.C','tdiaz.excavacion@yahoo.com',DATEADD(D,-2,GETDATE()),'4312',2)",,,,,
12/02/2025 09:57,udominguez.asfalto@outlook.com,ASFALTOS DOMINGUEZ S.A,20456789123,4213,URBANO DOMINGUEZ TORRES,pavimentacion@asfdom.pe,915432187,4,"INSERT INTO EMPRESAS (RUC , RazonSocial, CorreoElectronico, FechaRegistro, CIIU, NumeroEstablecimientos)  VALUES  ('20456789123','ASFALTOS DOMINGUEZ S.A','udominguez.asfalto@outlook.com',DATEADD(D,-4,GETDATE()),'4213',4)",,,,,
12/03/2025 13:24,vduarte.concreto@gmail.com,CONCRETOS DUARTE S.R.L,20567891234,2394,VERONICA DUARTE CASTRO,premezclado@concduart.com.pe,914321876,1,"INSERT INTO EMPRESAS (RUC , RazonSocial, CorreoElectronico, FechaRegistro, CIIU, NumeroEstablecimientos)  VALUES  ('20567891234','CONCRETOS DUARTE S.R.L','vduarte.concreto@gmail.com',DATEADD(D,-1,GETDATE()),'2394',1)",,,,,
12/04/2025 11:51,wduran.acero@hotmail.com,ESTRUCTURAS ACERO DURAN S.A.C,20678912345,4220,WALTER DURAN RIVERA,soldadura@estduran.pe,913218765,3,"INSERT INTO EMPRESAS (RUC , RazonSocial, CorreoElectronico, FechaRegistro, CIIU, NumeroEstablecimientos)  VALUES  ('20678912345','ESTRUCTURAS ACERO DURAN S.A.C','wduran.acero@hotmail.com',DATEADD(D,-3,GETDATE()),'4220',3)",,,,,
12/05/2025 15:18,xespinoza.vidrio@yahoo.com,VIDRIOS ESPINOZA S.A,20789123456,4332,XIMENA ESPINOZA MORALES,cristaleria@vidresp.com,912187654,2,"INSERT INTO EMPRESAS (RUC , RazonSocial, CorreoElectronico, FechaRegistro, CIIU, NumeroEstablecimientos)  VALUES  ('20789123456','VIDRIOS ESPINOZA S.A','xespinoza.vidrio@yahoo.com',DATEADD(D,-2,GETDATE()),'4332',2)",,,,,
12/06/2025 08:45,yesquivel.aluminio@gmail.com,ALUMINIOS ESQUIVEL S.R.L,20891234567,4332,YOLANDA ESQUIVEL SILVA,carpinteria@alumesq.pe,911876543,1,"INSERT INTO EMPRESAS (RUC , RazonSocial, CorreoElectronico, FechaRegistro, CIIU, NumeroEstablecimientos)  VALUES  ('20891234567','ALUMINIOS ESQUIVEL S.R.L','yesquivel.aluminio@gmail.com',DATEADD(D,-1,GETDATE()),'4332',1)",,,,,
12/07/2025 12:12,zestrada.madera@outlook.com,MADERAS ESTRADA S.A.C,20912345678,4331,ZENON ESTRADA TORRES,aserradero@madest.com.pe,919765432,6,"INSERT INTO EMPRESAS (RUC , RazonSocial, CorreoElectronico, FechaRegistro, CIIU, NumeroEstablecimientos)  VALUES  ('20912345678','MADERAS ESTRADA S.A.C','zestrada.madera@outlook.com',DATEADD(D,-6,GETDATE()),'4331',6)",,,,,
12/08/2025 17:38,afigueroa.muebles@hotmail.com,MUEBLES FIGUEROA S.A,20123456789,3100,AURORA FIGUEROA CASTRO,ebanisteria@muebfig.pe,918654321,4,"INSERT INTO EMPRESAS (RUC , RazonSocial, CorreoElectronico, FechaRegistro, CIIU, NumeroEstablecimientos)  VALUES  ('20123456789','MUEBLES FIGUEROA S.A','afigueroa.muebles@hotmail.com',DATEADD(D,-4,GETDATE()),'3100',4)",,,,,
12/09/2025 14:06,bflores.tapiceria@gmail.com,TAPICERIA FLORES S.R.L,20234567891,3109,BRUNO FLORES RIVERA,restauracion@tapflor.com,917543218,2,"INSERT INTO EMPRESAS (RUC , RazonSocial, CorreoElectronico, FechaRegistro, CIIU, NumeroEstablecimientos)  VALUES  ('20234567891','TAPICERIA FLORES S.R.L','bflores.tapiceria@gmail.com',DATEADD(D,-2,GETDATE()),'3109',2)",,,,,
12/10/2025 10:32,cfonseca.cortinas@yahoo.com,CORTINAS FONSECA S.A.C,20345678912,1392,CARLOS FONSECA MORALES,decoracion@cortfons.pe,916432187,1,"INSERT INTO EMPRESAS (RUC , RazonSocial, CorreoElectronico, FechaRegistro, CIIU, NumeroEstablecimientos)  VALUES  ('20345678912','CORTINAS FONSECA S.A.C','cfonseca.cortinas@yahoo.com',DATEADD(D,-1,GETDATE()),'1392',1)",,,,,
12/11/2025 16:59,dfuentes.alfombras@outlook.com,ALFOMBRAS FUENTES S.A,20456789123,1393,DIANA FUENTES SILVA,tejido@alffuent.com.pe,915321876,3,"INSERT INTO EMPRESAS (RUC , RazonSocial, CorreoElectronico, FechaRegistro, CIIU, NumeroEstablecimientos)  VALUES  ('20456789123','ALFOMBRAS FUENTES S.A','dfuentes.alfombras@outlook.com',DATEADD(D,-3,GETDATE()),'1393',3)",,,,,
12/12/2025 09:25,egallardo.colchones@gmail.com,COLCHONES GALLARDO S.R.L,20567891234,3109,EDUARDO GALLARDO TORRES,espuma@colchgall.pe,914218765,2,"INSERT INTO EMPRESAS (RUC , RazonSocial, CorreoElectronico, FechaRegistro, CIIU, NumeroEstablecimientos)  VALUES  ('20567891234','COLCHONES GALLARDO S.R.L','egallardo.colchones@gmail.com',DATEADD(D,-2,GETDATE()),'3109',2)",,,,,
12/13/2025 13:52:01,fgarcia.electrodomesticos@hotmail.com,ELECTRODOMESTICOS GARCIA S.A.C,20678912345,4754,FERNANDA GARCIA CASTRO,reparacion@electgar.com,913187654,5,"INSERT INTO EMPRESAS (RUC , RazonSocial, CorreoElectronico, FechaRegistro, CIIU, NumeroEstablecimientos)  VALUES  ('20678912345','ELECTRODOMESTICOS GARCIA S.A.C','fgarcia.electrodomesticos@hotmail.com',DATEADD(D,-5,GETDATE()),'4754',5)",,,,,
12/14/2025 11:19:24,ggil.ferreteria@yahoo.com,FERRETERIA GIL S.A,20789123456,4752,GONZALO GIL RIVERA,herramientas@ferrgil.pe,912876543,3,"INSERT INTO EMPRESAS (RUC , RazonSocial, CorreoElectronico, FechaRegistro, CIIU, NumeroEstablecimientos)  VALUES  ('20789123456','FERRETERIA GIL S.A','ggil.ferreteria@yahoo.com',DATEADD(D,-3,GETDATE()),'4752',3)",,,,,
12/15/2025 15:45:47,hgomez.pinturas@gmail.com,PINTURAS GOMEZ S.R.L,20891234567,4753,HELENA GOMEZ MORALES,decoracion@pintgom.com.pe,911765432,1,"INSERT INTO EMPRESAS (RUC , RazonSocial, CorreoElectronico, FechaRegistro, CIIU, NumeroEstablecimientos)  VALUES  ('20891234567','PINTURAS GOMEZ S.R.L','hgomez.pinturas@gmail.com',DATEADD(D,-1,GETDATE()),'4753',1)",,,,,
12/16/2025 8:12:12,igonzalez.plomeria@outlook.com,PLOMERIA GONZALEZ S.A.C,20912345678,4322,IGNACIO GONZALEZ SILVA,instalaciones@plomgonz.pe,919654321,4,"INSERT INTO EMPRESAS (RUC , RazonSocial, CorreoElectronico, FechaRegistro, CIIU, NumeroEstablecimientos)  VALUES  ('20912345678','PLOMERIA GONZALEZ S.A.C','igonzalez.plomeria@outlook.com',DATEADD(D,-4,GETDATE()),'4322',4)",,,,,
12/17/2025 12:39:35,jgranados.electricidad@hotmail.com,ELECTRICIDAD GRANADOS S.A,20123456789,4321,JULIA GRANADOS TORRES,instalacion@electgran.com,918543218,2,"INSERT INTO EMPRESAS (RUC , RazonSocial, CorreoElectronico, FechaRegistro, CIIU, NumeroEstablecimientos)  VALUES  ('20123456789','ELECTRICIDAD GRANADOS S.A','jgranados.electricidad@hotmail.com',DATEADD(D,-2,GETDATE()),'4321',2)",,,,,
12/18/2025 17:05:58,kguerrero.aire@gmail.com,AIRE ACONDICIONADO GUERRERO S.R.L,20234567891,4322,KEVIN GUERRERO CASTRO,climatizacion@aireguer.pe,917432187,3,"INSERT INTO EMPRESAS (RUC , RazonSocial, CorreoElectronico, FechaRegistro, CIIU, NumeroEstablecimientos)  VALUES  ('20234567891','AIRE ACONDICIONADO GUERRERO S.R.L','kguerrero.aire@gmail.com',DATEADD(D,-3,GETDATE()),'4322',3)",,,,,
12/19/2025 14:33:21,lgutierrez.cerrajeria@yahoo.com,CERRAJERIA GUTIERREZ S.A.C,20345678912,9529,LORENA GUTIERREZ RIVERA,seguridad@cerrgut.com.pe,916321876,1,"INSERT INTO EMPRESAS (RUC , RazonSocial, CorreoElectronico, FechaRegistro, CIIU, NumeroEstablecimientos)  VALUES  ('20345678912','CERRAJERIA GUTIERREZ S.A.C','lgutierrez.cerrajeria@yahoo.com',DATEADD(D,-1,GETDATE()),'9529',1)",,,,,
12/20/2025 10:59:44,mhernandez.alarmas@outlook.com,ALARMAS HERNANDEZ S.A,20456789123,2670,MIGUEL HERNANDEZ MORALES,monitoreo@alarmhern.pe,915218765,2,"INSERT INTO EMPRESAS (RUC , RazonSocial, CorreoElectronico, FechaRegistro, CIIU, NumeroEstablecimientos)  VALUES  ('20456789123','ALARMAS HERNANDEZ S.A','mhernandez.alarmas@outlook.com',DATEADD(D,-2,GETDATE()),'2670',2)",,,,,
12/21/2025 16:26:09,nhidalgo.camaras@gmail.com,CAMARAS HIDALGO S.R.L,20567891234,2670,NANCY HIDALGO SILVA,vigilancia@camhid.com,914187654,4,"INSERT INTO EMPRESAS (RUC , RazonSocial, CorreoElectronico, FechaRegistro, CIIU, NumeroEstablecimientos)  VALUES  ('20567891234','CAMARAS HIDALGO S.R.L','nhidalgo.camaras@gmail.com',DATEADD(D,-4,GETDATE()),'2670',4)",,,,,
12/22/2025 9:52:32,ohuaman.comunicaciones@hotmail.com,COMUNICACIONES HUAMAN S.A.C,20678912345,6120,OSCAR HUAMAN TORRES,telefonia@comhuam.pe,913876543,1,"INSERT INTO EMPRESAS (RUC , RazonSocial, CorreoElectronico, FechaRegistro, CIIU, NumeroEstablecimientos)  VALUES  ('20678912345','COMUNICACIONES HUAMAN S.A.C','ohuaman.comunicaciones@hotmail.com',DATEADD(D,-1,GETDATE()),'6120',1)",,,,,
12/23/2025 13:19:55,piba침ez.internet@yahoo.com,INTERNET IBA칌EZ S.A,20789123456,6110,PATRICIA IBA칌EZ CASTRO,proveedores@intiba켽.com.pe,912765432,3,"INSERT INTO EMPRESAS (RUC , RazonSocial, CorreoElectronico, FechaRegistro, CIIU, NumeroEstablecimientos)  VALUES  ('20789123456','INTERNET IBA칌EZ S.A','piba침ez.internet@yahoo.com',DATEADD(D,-3,GETDATE()),'6110',3)",,,,,
12/24/2025 11:46:18,qiglesias.computadoras@gmail.com,COMPUTADORAS IGLESIAS S.R.L,20891234567,4741,QUINTIN IGLESIAS RIVERA,reparacion@compigl.pe,911654321,2,"INSERT INTO EMPRESAS (RUC , RazonSocial, CorreoElectronico, FechaRegistro, CIIU, NumeroEstablecimientos)  VALUES  ('20891234567','COMPUTADORAS IGLESIAS S.R.L','qiglesias.computadoras@gmail.com',DATEADD(D,-2,GETDATE()),'4741',2)",,,,,
12/25/2025 15:13:43,riturbe.software@outlook.com,SOFTWARE ITURBE S.A.C,20912345678,6201,RAQUEL ITURBE MORALES,desarrollo@softitur.com,919543218,1,"INSERT INTO EMPRESAS (RUC , RazonSocial, CorreoElectronico, FechaRegistro, CIIU, NumeroEstablecimientos)  VALUES  ('20912345678','SOFTWARE ITURBE S.A.C','riturbe.software@outlook.com',DATEADD(D,-1,GETDATE()),'6201',1)",,,,,
12/26/2025 8:40:06,sjaramillo.hosting@hotmail.com,HOSTING JARAMILLO S.A,20123456789,6311,SERGIO JARAMILLO SILVA,servidores@hostjar.pe,918432187,5,"INSERT INTO EMPRESAS (RUC , RazonSocial, CorreoElectronico, FechaRegistro, CIIU, NumeroEstablecimientos)  VALUES  ('20123456789','HOSTING JARAMILLO S.A','sjaramillo.hosting@hotmail.com',DATEADD(D,-5,GETDATE()),'6311',5)",,,,,
12/27/2025 12:07:29,tjimenez.dominios@gmail.com,DOMINIOS JIMENEZ S.R.L,20234567891,6311,TERESA JIMENEZ TORRES,registro@domjim.com.pe,917321876,1,"INSERT INTO EMPRESAS (RUC , RazonSocial, CorreoElectronico, FechaRegistro, CIIU, NumeroEstablecimientos)  VALUES  ('20234567891','DOMINIOS JIMENEZ S.R.L','tjimenez.dominios@gmail.com',DATEADD(D,-1,GETDATE()),'6311',1)",,,,,
12/28/2025 17:33:54,ujuarez.paginas@yahoo.com,PAGINAS WEB JUAREZ S.A.C,20345678912,6201,URBANO JUAREZ CASTRO,dise침o@webjuar.pe,916218765,2,"INSERT INTO EMPRESAS (RUC , RazonSocial, CorreoElectronico, FechaRegistro, CIIU, NumeroEstablecimientos)  VALUES  ('20345678912','PAGINAS WEB JUAREZ S.A.C','ujuarez.paginas@yahoo.com',DATEADD(D,-2,GETDATE()),'6201',2)",,,,,
12/29/2025 14:01:17,vlarrea.marketing@outlook.com,MARKETING DIGITAL LARREA S.A,20456789123,7310,VERONICA LARREA RIVERA,campa침as@markdiglar.com,915187654,3,"INSERT INTO EMPRESAS (RUC , RazonSocial, CorreoElectronico, FechaRegistro, CIIU, NumeroEstablecimientos)  VALUES  ('20456789123','MARKETING DIGITAL LARREA S.A','vlarrea.marketing@outlook.com',DATEADD(D,-3,GETDATE()),'7310',3)",,,,,
12/30/2025 10:27:42,wleon.redes@gmail.com,REDES SOCIALES LEON S.R.L,20567891234,7310,WALTER LEON MORALES,community@redesleon.pe,914876543,1,"INSERT INTO EMPRESAS (RUC , RazonSocial, CorreoElectronico, FechaRegistro, CIIU, NumeroEstablecimientos)  VALUES  ('20567891234','REDES SOCIALES LEON S.R.L','wleon.redes@gmail.com',DATEADD(D,-1,GETDATE()),'7310',1)",,,,,
12/31/2025 16:54:05,xlima.ecommerce@hotmail.com,ECOMMERCE LIMA S.A.C,20678912345,4791,XIMENA LIMA SILVA,tienda@ecomlima.com.pe,913765432,4,"INSERT INTO EMPRESAS (RUC , RazonSocial, CorreoElectronico, FechaRegistro, CIIU, NumeroEstablecimientos)  VALUES  ('20678912345','ECOMMERCE LIMA S.A.C','xlima.ecommerce@hotmail.com',DATEADD(D,-4,GETDATE()),'4791',4)",,,,,
01/01/2026 09:20,ymadrid.logistica@yahoo.com,LOGISTICA MADRID S.A,20789123456,5221,YOSEF MADRID TORRES,distribucion@logmad.pe,912654321,6,"INSERT INTO EMPRESAS (RUC , RazonSocial, CorreoElectronico, FechaRegistro, CIIU, NumeroEstablecimientos)  VALUES  ('20789123456','LOGISTICA MADRID S.A','ymadrid.logistica@yahoo.com',DATEADD(D,-6,GETDATE()),'5221',6)",,,,,
01/02/2026 13:47,zmaldonado.transporte@gmail.com,TRANSPORTES MALDONADO S.R.L,20891234567,4923,ZOILA MALDONADO CASTRO,flota@transmald.com,911543218,8,"INSERT INTO EMPRESAS (RUC , RazonSocial, CorreoElectronico, FechaRegistro, CIIU, NumeroEstablecimientos)  VALUES  ('20891234567','TRANSPORTES MALDONADO S.R.L','zmaldonado.transporte@gmail.com',DATEADD(D,-8,GETDATE()),'4923',8)",,,,,
01/03/2026 11:14,amantilla.carga@outlook.com,CARGA MANTILLA S.A.C,20912345678,5224,ALFONSO MANTILLA RIVERA,pesada@cargmant.pe,919432187,3,"INSERT INTO EMPRESAS (RUC , RazonSocial, CorreoElectronico, FechaRegistro, CIIU, NumeroEstablecimientos)  VALUES  ('20912345678','CARGA MANTILLA S.A.C','amantilla.carga@outlook.com',DATEADD(D,-3,GETDATE()),'5224',3)",,,,,
01/04/2026 15:40,bmartinez.mudanzas@hotmail.com,MUDANZAS MARTINEZ S.A,20123456789,4942,BLANCA MARTINEZ MORALES,traslados@mudmart.com.pe,918321876,2,"INSERT INTO EMPRESAS (RUC , RazonSocial, CorreoElectronico, FechaRegistro, CIIU, NumeroEstablecimientos)  VALUES  ('20123456789','MUDANZAS MARTINEZ S.A','bmartinez.mudanzas@hotmail.com',DATEADD(D,-2,GETDATE()),'4942',2)",,,,,
01/05/2026 08:07,cmedina.courier@gmail.com,COURIER MEDINA S.R.L,20234567891,5320,CESAR MEDINA SILVA,mensajeria@courmed.pe,917218765,5,"INSERT INTO EMPRESAS (RUC , RazonSocial, CorreoElectronico, FechaRegistro, CIIU, NumeroEstablecimientos)  VALUES  ('20234567891','COURIER MEDINA S.R.L','cmedina.courier@gmail.com',DATEADD(D,-5,GETDATE()),'5320',5)",,,,,
01/06/2026 12:34,dmejia.taxi@yahoo.com,TAXI MEJIA S.A.C,20345678912,4922,DIANA MEJIA TORRES,servicio@taximej.com,916187654,12,"INSERT INTO EMPRESAS (RUC , RazonSocial, CorreoElectronico, FechaRegistro, CIIU, NumeroEstablecimientos)  VALUES  ('20345678912','TAXI MEJIA S.A.C','dmejia.taxi@yahoo.com',DATEADD(D,-12,GETDATE()),'4922',12)",,,,,
01/07/2026 17:00,emendez.remis@outlook.com,REMIS MENDEZ S.A,20456789123,4922,EDUARDO MENDEZ CASTRO,ejecutivo@remismen.pe,915876543,8,"INSERT INTO EMPRESAS (RUC , RazonSocial, CorreoElectronico, FechaRegistro, CIIU, NumeroEstablecimientos)  VALUES  ('20456789123','REMIS MENDEZ S.A','emendez.remis@outlook.com',DATEADD(D,-8,GETDATE()),'4922',8)",,,,,
01/08/2026 14:28,fmendoza.bus@gmail.com,BUSES MENDOZA S.R.L,20567891234,4921,FERNANDA MENDOZA RIVERA,pasajeros@busmend.com.pe,914765432,15,"INSERT INTO EMPRESAS (RUC , RazonSocial, CorreoElectronico, FechaRegistro, CIIU, NumeroEstablecimientos)  VALUES  ('20567891234','BUSES MENDOZA S.R.L','fmendoza.bus@gmail.com',DATEADD(D,-15,GETDATE()),'4921',15)",,,,,
01/09/2026 10:54,gmiranda.turismo@hotmail.com,TURISMO MIRANDA S.A.C,20678912345,7911,GONZALO MIRANDA MORALES,paquetes@turmiran.pe,913654321,2,"INSERT INTO EMPRESAS (RUC , RazonSocial, CorreoElectronico, FechaRegistro, CIIU, NumeroEstablecimientos)  VALUES  ('20678912345','TURISMO MIRANDA S.A.C','gmiranda.turismo@hotmail.com',DATEADD(D,-2,GETDATE()),'7911',2)",,,,,
01/10/2026 16:21,hmolina.hotel@yahoo.com,HOTEL MOLINA S.A,20789123456,5510,HELENA MOLINA SILVA,reservas@hotmolin.com,912543218,1,"INSERT INTO EMPRESAS (RUC , RazonSocial, CorreoElectronico, FechaRegistro, CIIU, NumeroEstablecimientos)  VALUES  ('20789123456','HOTEL MOLINA S.A','hmolina.hotel@yahoo.com',DATEADD(D,-1,GETDATE()),'5510',1)",,,,,
01/11/2026 09:47,imontalvo.hostal@gmail.com,HOSTAL MONTALVO S.R.L,20891234567,5510,IGNACIO MONTALVO TORRES,alojamiento@hostmont.pe,911432187,3,"INSERT INTO EMPRESAS (RUC , RazonSocial, CorreoElectronico, FechaRegistro, CIIU, NumeroEstablecimientos)  VALUES  ('20891234567','HOSTAL MONTALVO S.R.L','imontalvo.hostal@gmail.com',DATEADD(D,-3,GETDATE()),'5510',3)",,,,,
01/12/2026 13:14,jmontero.restaurant@outlook.com,RESTAURANT MONTERO S.A.C,20912345678,5610,JULIA MONTERO CASTRO,gastronomia@restmont.com.pe,919321876,2,"INSERT INTO EMPRESAS (RUC , RazonSocial, CorreoElectronico, FechaRegistro, CIIU, NumeroEstablecimientos)  VALUES  ('20912345678','RESTAURANT MONTERO S.A.C','jmontero.restaurant@outlook.com',DATEADD(D,-2,GETDATE()),'5610',2)",,,,,
1/13/2026 11:41:24,kmontoya.pizzeria@hotmail.com,PIZZERIA MONTOYA S.A,20123456789,5610,KEVIN MONTOYA RIVERA,delivery@pizzmont.pe,918218765,4,"INSERT INTO EMPRESAS (RUC , RazonSocial, CorreoElectronico, FechaRegistro, CIIU, NumeroEstablecimientos)  VALUES  ('20123456789','PIZZERIA MONTOYA S.A','kmontoya.pizzeria@hotmail.com',DATEADD(D,-4,GETDATE()),'5610',4)",,,,,
1/14/2026 15:07:47,lmorales.panaderia@gmail.com,PANADERIA MORALES S.R.L,20234567891,1071,LORENA MORALES MORALES,horneado@panmor.com,917187654,6,"INSERT INTO EMPRESAS (RUC , RazonSocial, CorreoElectronico, FechaRegistro, CIIU, NumeroEstablecimientos)  VALUES  ('20234567891','PANADERIA MORALES S.R.L','lmorales.panaderia@gmail.com',DATEADD(D,-6,GETDATE()),'1071',6)",,,,,
1/15/2026 8:34:12,mmoreno.pasteleria@yahoo.com,PASTELERIA MORENO S.A.C,20345678912,1071,MIGUEL MORENO SILVA,reposteria@pastmor.pe,916876543,3,"INSERT INTO EMPRESAS (RUC , RazonSocial, CorreoElectronico, FechaRegistro, CIIU, NumeroEstablecimientos)  VALUES  ('20345678912','PASTELERIA MORENO S.A.C','mmoreno.pasteleria@yahoo.com',DATEADD(D,-3,GETDATE()),'1071',3)",,,,,
1/16/2026 12:01:35,nmoya.heladeria@outlook.com,HELADERIA MOYA S.A,20456789123,1104,NANCY MOYA TORRES,artesanal@helmoy.com.pe,915765432,2,"INSERT INTO EMPRESAS (RUC , RazonSocial, CorreoElectronico, FechaRegistro, CIIU, NumeroEstablecimientos)  VALUES  ('20456789123','HELADERIA MOYA S.A','nmoya.heladeria@outlook.com',DATEADD(D,-2,GETDATE()),'1104',2)",,,,,
1/17/2026 17:27:58,omu침oz.cafeteria@gmail.com,CAFETERIA MU칌OZ S.R.L,20567891234,5630,OSCAR MU칌OZ CASTRO,tostado@cafmun.pe,914654321,5,"INSERT INTO EMPRESAS (RUC , RazonSocial, CorreoElectronico, FechaRegistro, CIIU, NumeroEstablecimientos)  VALUES  ('20567891234','CAFETERIA MU칌OZ S.R.L','omu침oz.cafeteria@gmail.com',DATEADD(D,-5,GETDATE()),'5630',5)",,,,,
1/18/2026 14:55:21,pmurillo.bar@hotmail.com,BAR MURILLO S.A.C,20678912345,5630,PATRICIA MURILLO RIVERA,cocteleria@barmur.com,913543218,1,"INSERT INTO EMPRESAS (RUC , RazonSocial, CorreoElectronico, FechaRegistro, CIIU, NumeroEstablecimientos)  VALUES  ('20678912345','BAR MURILLO S.A.C','pmurillo.bar@hotmail.com',DATEADD(D,-1,GETDATE()),'5630',1)",,,,,
1/19/2026 10:22:46,qnavarrete.discoteca@yahoo.com,DISCOTECA NAVARRETE S.A,20789123456,9329,QUINTIN NAVARRETE MORALES,entretenimiento@disconav.pe,912432187,2,"INSERT INTO EMPRESAS (RUC , RazonSocial, CorreoElectronico, FechaRegistro, CIIU, NumeroEstablecimientos)  VALUES  ('20789123456','DISCOTECA NAVARRETE S.A','qnavarrete.discoteca@yahoo.com',DATEADD(D,-2,GETDATE()),'9329',2)",,,,,
1/20/2026 16:49:09,rnavarro.eventos@gmail.com,EVENTOS NAVARRO S.R.L,20891234567,8230,RAQUEL NAVARRO SILVA,organizacion@eventnav.com.pe,911321876,1,"INSERT INTO EMPRESAS (RUC , RazonSocial, CorreoElectronico, FechaRegistro, CIIU, NumeroEstablecimientos)  VALUES  ('20891234567','EVENTOS NAVARRO S.R.L','rnavarro.eventos@gmail.com',DATEADD(D,-1,GETDATE()),'8230',1)",,,,,
1/21/2026 9:15:32,snegr칩n.catering@outlook.com,CATERING NEGRON S.A.C,20912345678,5629,SERGIO NEGRON TORRES,banquetes@catneg.pe,919218765,3,"INSERT INTO EMPRESAS (RUC , RazonSocial, CorreoElectronico, FechaRegistro, CIIU, NumeroEstablecimientos)  VALUES  ('20912345678','CATERING NEGRON S.A.C','snegr칩n.catering@outlook.com',DATEADD(D,-3,GETDATE()),'5629',3)",,,,,
1/22/2026 13:42:57,tnieto.floreria@hotmail.com,FLORERIA NIETO S.A,20123456789,4776,TERESA NIETO CASTRO,arreglos@flornieto.com,918187654,2,"INSERT INTO EMPRESAS (RUC , RazonSocial, CorreoElectronico, FechaRegistro, CIIU, NumeroEstablecimientos)  VALUES  ('20123456789','FLORERIA NIETO S.A','tnieto.floreria@hotmail.com',DATEADD(D,-2,GETDATE()),'4776',2)",,,,,
1/23/2026 11:09:20,unu침ez.decoracion@gmail.com,DECORACION NU칌EZ S.R.L,20234567891,7410,URBANO NU칌EZ RIVERA,ambientacion@decnu침.pe,917876543,4,"INSERT INTO EMPRESAS (RUC , RazonSocial, CorreoElectronico, FechaRegistro, CIIU, NumeroEstablecimientos)  VALUES  ('20234567891','DECORACION NU칌EZ S.R.L','unu침ez.decoracion@gmail.com',DATEADD(D,-4,GETDATE()),'7410',4)",,,,,
1/24/2026 15:35:43,vocampo.jardineria@yahoo.com,JARDINERIA OCAMPO S.A.C,20345678912,8130,VERONICA OCAMPO MORALES,paisajismo@jardocam.com.pe,916765432,8,"INSERT INTO EMPRESAS (RUC , RazonSocial, CorreoElectronico, FechaRegistro, CIIU, NumeroEstablecimientos)  VALUES  ('20345678912','JARDINERIA OCAMPO S.A.C','vocampo.jardineria@yahoo.com',DATEADD(D,-8,GETDATE()),'8130',8)",,,,,
1/25/2026 8:02:08,wochoa.piscinas@outlook.com,PISCINAS OCHOA S.A,20456789123,4329,WALTER OCHOA SILVA,construccion@pisoch.pe,915654321,3,"INSERT INTO EMPRESAS (RUC , RazonSocial, CorreoElectronico, FechaRegistro, CIIU, NumeroEstablecimientos)  VALUES  ('20456789123','PISCINAS OCHOA S.A','wochoa.piscinas@outlook.com',DATEADD(D,-3,GETDATE()),'4329',3)",,,,,
1/26/2026 12:29:31,xoliva.toldos@gmail.com,TOLDOS OLIVA S.R.L,20567891234,1392,XIMENA OLIVA TORRES,instalacion@toldoliv.com,914543218,2,"INSERT INTO EMPRESAS (RUC , RazonSocial, CorreoElectronico, FechaRegistro, CIIU, NumeroEstablecimientos)  VALUES  ('20567891234','TOLDOS OLIVA S.R.L','xoliva.toldos@gmail.com',DATEADD(D,-2,GETDATE()),'1392',2)",,,,,
1/27/2026 17:55:56,yortega.carpas@hotmail.com,CARPAS ORTEGA S.A.C,20678912345,1392,YOLANDA ORTEGA CASTRO,alquiler@carport.pe,913432187,5,"INSERT INTO EMPRESAS (RUC , RazonSocial, CorreoElectronico, FechaRegistro, CIIU, NumeroEstablecimientos)  VALUES  ('20678912345','CARPAS ORTEGA S.A.C','yortega.carpas@hotmail.com',DATEADD(D,-5,GETDATE()),'1392',5)",,,,,
1/28/2026 14:23:19,zortiz.sonido@yahoo.com,SONIDO ORTIZ S.A,20789123456,7722,ZENON ORTIZ RIVERA,audio@sonort.com.pe,912321876,1,"INSERT INTO EMPRESAS (RUC , RazonSocial, CorreoElectronico, FechaRegistro, CIIU, NumeroEstablecimientos)  VALUES  ('20789123456','SONIDO ORTIZ S.A','zortiz.sonido@yahoo.com',DATEADD(D,-1,GETDATE()),'7722',1)",,,,,
1/29/2026 10:49:42,apadilla.iluminacion@gmail.com,ILUMINACION PADILLA S.R.L,20891234567,7729,AURORA PADILLA MORALES,escenografia@ilupad.pe,911218765,4,"INSERT INTO EMPRESAS (RUC , RazonSocial, CorreoElectronico, FechaRegistro, CIIU, NumeroEstablecimientos)  VALUES  ('20891234567','ILUMINACION PADILLA S.R.L','apadilla.iluminacion@gmail.com',DATEADD(D,-4,GETDATE()),'7729',4)",,,,,
1/30/2026 16:16:07,bpalacios.mobiliario@outlook.com,MOBILIARIO PALACIOS S.A.C,20912345678,4659,BRUNO PALACIOS SILVA,alquiler@mobpal.com,919187654,6,"INSERT INTO EMPRESAS (RUC , RazonSocial, CorreoElectronico, FechaRegistro, CIIU, NumeroEstablecimientos)  VALUES  ('20912345678','MOBILIARIO PALACIOS S.A.C','bpalacios.mobiliario@outlook.com',DATEADD(D,-6,GETDATE()),'4659',6)",,,,,
1/31/2026 9:42:30,cpalma.seguridad@hotmail.com,SEGURIDAD PALMA S.A,20123456789,8010,CARLOS PALMA TORRES,vigilancia@segpal.pe,918876543,12,"INSERT INTO EMPRESAS (RUC , RazonSocial, CorreoElectronico, FechaRegistro, CIIU, NumeroEstablecimientos)  VALUES  ('20123456789','SEGURIDAD PALMA S.A','cpalma.seguridad@hotmail.com',DATEADD(D,-12,GETDATE()),'8010',12)",,,,,
02/01/2026 13:08,dparedes.limpieza@gmail.com,LIMPIEZA PAREDES S.R.L,20234567891,8129,DIANA PAREDES CASTRO,aseo@limppar.com.pe,917765432,15,"INSERT INTO EMPRESAS (RUC , RazonSocial, CorreoElectronico, FechaRegistro, CIIU, NumeroEstablecimientos)  VALUES  ('20234567891','LIMPIEZA PAREDES S.R.L','dparedes.limpieza@gmail.com',DATEADD(D,-15,GETDATE()),'8129',15)",,,,,
02/02/2026 11:36,eparra.mantenimiento@yahoo.com,MANTENIMIENTO PARRA S.A.C,20345678912,4329,EDUARDO PARRA RIVERA,conservacion@mantpar.pe,916654321,8,"INSERT INTO EMPRESAS (RUC , RazonSocial, CorreoElectronico, FechaRegistro, CIIU, NumeroEstablecimientos)  VALUES  ('20345678912','MANTENIMIENTO PARRA S.A.C','eparra.mantenimiento@yahoo.com',DATEADD(D,-8,GETDATE()),'4329',8)",,,,,
02/03/2026 15:02,fpe침a.fumigacion@outlook.com,FUMIGACION PE칌A S.A,20456789123,8129,FERNANDA PE칌A MORALES,control@fumpe침.com,915543218,4,"INSERT INTO EMPRESAS (RUC , RazonSocial, CorreoElectronico, FechaRegistro, CIIU, NumeroEstablecimientos)  VALUES  ('20456789123','FUMIGACION PE칌A S.A','fpe침a.fumigacion@outlook.com',DATEADD(D,-4,GETDATE()),'8129',4)",,,,,
02/04/2026 08:29,gperez.veterinaria@gmail.com,VETERINARIA PEREZ S.R.L,20567891234,7500,GONZALO PEREZ SILVA,consultas@vetper.pe,914432187,2,"INSERT INTO EMPRESAS (RUC , RazonSocial, CorreoElectronico, FechaRegistro, CIIU, NumeroEstablecimientos)  VALUES  ('20567891234','VETERINARIA PEREZ S.R.L','gperez.veterinaria@gmail.com',DATEADD(D,-2,GETDATE()),'7500',2)",,,,,
02/05/2026 12:56,hpineda.laboratorio@hotmail.com,LABORATORIO PINEDA S.A.C,20678912345,7120,HELENA PINEDA TORRES,analisis@labpin.com.pe,913321876,1,"INSERT INTO EMPRESAS (RUC , RazonSocial, CorreoElectronico, FechaRegistro, CIIU, NumeroEstablecimientos)  VALUES  ('20678912345','LABORATORIO PINEDA S.A.C','hpineda.laboratorio@hotmail.com',DATEADD(D,-1,GETDATE()),'7120',1)",,,,,
02/06/2026 17:22,ipinto.clinica@yahoo.com,CLINICA PINTO S.A,20789123456,8610,IGNACIO PINTO CASTRO,medicina@clinpin.pe,912218765,3,"INSERT INTO EMPRESAS (RUC , RazonSocial, CorreoElectronico, FechaRegistro, CIIU, NumeroEstablecimientos)  VALUES  ('20789123456','CLINICA PINTO S.A','ipinto.clinica@yahoo.com',DATEADD(D,-3,GETDATE()),'8610',3)",,,,,
02/07/2026 14:50,jporras.farmacia@gmail.com,FARMACIA PORRAS S.R.L,20891234567,4773,JULIA PORRAS RIVERA,medicamentos@farmporr.com,911187654,5,"INSERT INTO EMPRESAS (RUC , RazonSocial, CorreoElectronico, FechaRegistro, CIIU, NumeroEstablecimientos)  VALUES  ('20891234567','FARMACIA PORRAS S.R.L','jporras.farmacia@gmail.com',DATEADD(D,-5,GETDATE()),'4773',5)",,,,,
02/08/2026 10:17,kprado.optica@outlook.com,OPTICA PRADO S.A.C,20912345678,4774,KEVIN PRADO MORALES,lentes@optprad.pe,919876543,2,"INSERT INTO EMPRESAS (RUC , RazonSocial, CorreoElectronico, FechaRegistro, CIIU, NumeroEstablecimientos)  VALUES  ('20912345678','OPTICA PRADO S.A.C','kprado.optica@outlook.com',DATEADD(D,-2,GETDATE()),'4774',2)",,,,,
02/09/2026 16:44,lprieto.dental@hotmail.com,DENTAL PRIETO S.A,20123456789,8623,LORENA PRIETO SILVA,odontologia@dentpri.com.pe,918765432,1,"INSERT INTO EMPRESAS (RUC , RazonSocial, CorreoElectronico, FechaRegistro, CIIU, NumeroEstablecimientos)  VALUES  ('20123456789','DENTAL PRIETO S.A','lprieto.dental@hotmail.com',DATEADD(D,-1,GETDATE()),'8623',1)",,,,,
02/10/2026 09:10,mpuente.psicologia@gmail.com,PSICOLOGIA PUENTE S.R.L,20234567891,8690,MIGUEL PUENTE TORRES,terapia@psicpuen.pe,917654321,3,"INSERT INTO EMPRESAS (RUC , RazonSocial, CorreoElectronico, FechaRegistro, CIIU, NumeroEstablecimientos)  VALUES  ('20234567891','PSICOLOGIA PUENTE S.R.L','mpuente.psicologia@gmail.com',DATEADD(D,-3,GETDATE()),'8690',3)",,,,,
